:020000040800F2
:100000000050002001450008ED420008F9420008B8
:1000100001430008094300081143000800000000E4
:10002000000000000000000000000000194300086C
:100030002543000800000000314300083D4300084C
:100040004945000849450008494500084945000858
:100050004945000849450008494500084945000848
:100060004945000849450008494500084945000838
:100070004945000849450008494500084945000828
:100080004945000849450008494500084945000818
:100090004945000849450008494500084945000808
:1000A00049450008494500084945000849450008F8
:1000B00049430008494500084945000849450008EA
:1000C00049450008494500084945000849450008D8
:1000D00049450008494500085D43000849450008B6
:1000E000494500084945000849450008000000004E
:1000F0000000000000000000000000000000000000
:0C01000000000000000000005FF808F1A3
:1001100010B5054C237833B9044B13B10448AFF341
:1001200000800123237010BDD801002000000000D2
:1001300068BA000808B5034B1BB103490348AFF385
:10014000008008BD00000000DC01002068BA000843
:10015000034613F8012B002AFBD1181A0138704707
:1001600081F0004102E000BF83F0004330B54FEA68
:1001700041044FEA430594EA050F08BF90EA020FD5
:100180001FBF54EA000C55EA020C7FEA645C7FEA68
:10019000655C00F0E2804FEA5454D4EB5555B8BF8B
:1001A0006D420CDD2C4480EA020281EA030382EAFC
:1001B000000083EA010180EA020281EA0303362D8E
:1001C00088BF30BD11F0004F4FEA01314FF4801C61
:1001D0004CEA113102D0404261EB410113F0004F73
:1001E0004FEA03334CEA133302D0524263EB43032A
:1001F00094EA050F00F0A780A4F10104D5F1200EC8
:100200000DDB02FA0EFC22FA05F2801841F1000122
:1002100003FA0EF2801843FA05F359410EE0A5F1F6
:1002200020050EF1200E012A03FA0EFC28BF4CF027
:10023000020C43FA05F3C01851EBE37101F00045DD
:1002400007D54FF0000EDCF1000C7EEB00006EEBEA
:100250000101B1F5801F1BD3B1F5001F0CD3490874
:100260005FEA30004FEA3C0C04F101044FEA4452CB
:1002700012F5800F80F09A80BCF1004F08BF5FEA52
:10028000500C50F1000041EB045141EA050130BD32
:100290005FEA4C0C404141EB0101013C28BFB1F544
:1002A000801FE9D291F0000F04BF01460020B1FA8F
:1002B00081F308BF2033A3F10B03B3F120020CDA62
:1002C0000C3208DD02F1140CC2F10C0201FA0CF040
:1002D00021FA02F10CE002F11402D8BFC2F1200CA5
:1002E00001FA02F120FA0CFCDCBF41EA0C0190405B
:1002F000E41AA2BF01EB0451294330BD6FEA0404A4
:100300001F3C1CDA0C340EDC04F11404C4F120028E
:1003100020FA04F001FA02F340EA030021FA04F3A0
:1003200045EA030130BDC4F10C04C4F1200220FAF7
:1003300002F001FA04F340EA0300294630BD21FA35
:1003400004F0294630BD94F0000F83F4801306BFFB
:1003500081F480110134013D4EE77FEA645C18BFEF
:100360007FEA655C29D094EA050F08BF90EA020F86
:1003700005D054EA000C04BF1946104630BD91EA7E
:10038000030F1EBF0021002030BD5FEA545C05D181
:100390004000494128BF41F0004130BD14F58004C0
:1003A0003CBF01F5801130BD01F0004545F0FE4134
:1003B00041F470014FF0000030BD7FEA645C1ABF69
:1003C000194610467FEA655C1CBF0B46024650EAA0
:1003D000013406BF52EA033591EA030F41F40021CC
:1003E00030BD00BF90F0000F04BF0021704730B552
:1003F0004FF4806404F132044FF000054FF0000127
:1004000050E700BF90F0000F04BF0021704730B5E7
:100410004FF4806404F1320410F0004548BF4042BC
:100420004FF000013EE700BF42004FEAE2014FEA11
:1004300031014FEA02701FBF12F07F4393F07F4FEC
:1004400081F06051704732F07F4208BF704793F0EF
:100450007F4F04BF41F40021704730B54FF4607402
:1004600001F0004521F000411CE700BF50EA010205
:1004700008BF704730B54FF000050AE050EA0102AE
:1004800008BF704730B511F0004502D5404261EB1E
:1004900041014FF4806404F132045FEA915C3FF45F
:1004A000D8AE4FF003025FEADC0C18BF03325FEAFC
:1004B000DC0C18BF033202EBDC02C2F1200300FAAD
:1004C00003FC20FA02F001FA03FE40EA0E0021FAD2
:1004D00002F11444BDE600BF70B54FF0FF0C4CF4C0
:1004E000E06C1CEA11541DBF1CEA135594EA0C0F72
:1004F00095EA0C0F00F0DEF82C4481EA030621EAAD
:100500004C5123EA4C5350EA013518BF52EA0335E7
:1005100041F4801143F4801338D0A0FB02CE4FF099
:100520000005E1FB02E506F00042E0FB03E54FF0C9
:100530000006E1FB03569CF0000F18BF4EF0010EC1
:10054000A4F1FF04B6F5007F64F5407404D25FEABD
:100550004E0E6D4146EB060642EAC62141EA555170
:100560004FEAC52040EA5E504FEACE2EB4F1FD0CB2
:1005700088BFBCF5E06F1ED8BEF1004F08BF5FEA30
:10058000500E50F1000041EB045170BD06F00046E2
:1005900046EA010140EA020081EA0301B4EB5C048F
:1005A000C2BFD4EB0C0541EA045170BD41F4801187
:1005B0004FF0000E013C00F3AB8014F1360FDEBFAC
:1005C000002001F0004170BDC4F10004203C35DA88
:1005D0000C341BDC04F11404C4F1200500FA05F30B
:1005E00020FA04F001FA05F240EA020001F00042AC
:1005F00021F0004110EBD37021FA04F642EB060122
:100600005EEA430E08BF20EAD37070BDC4F10C044B
:10061000C4F1200500FA04F320FA05F001FA04F20F
:1006200040EA020001F0004110EBD37041F10001FB
:100630005EEA430E08BF20EAD37070BDC4F1200506
:1006400000FA05F24EEA020E20FA04F301FA05F26E
:1006500043EA020321FA04F001F0004121FA04F216
:1006600020EA020000EBD3705EEA430E08BF20EAE6
:10067000D37070BD94F0000F0FD101F00046400020
:1006800041EB010111F4801F08BF013CF7D041EAA2
:10069000060195F0000F18BF704703F000465200A6
:1006A00043EB030313F4801F08BF013DF7D043EA77
:1006B0000603704794EA0C0F0CEA135518BF95EA2D
:1006C0000C0F0CD050EA410618BF52EA4306D1D1B4
:1006D00081EA030101F000414FF0000070BD50EAD3
:1006E000410606BF1046194652EA430619D094EA5D
:1006F0000C0F02D150EA013613D195EA0C0F05D147
:1007000052EA03361CBF104619460AD181EA03019A
:1007100001F0004141F0FE4141F470014FF0000052
:1007200070BD41F0FE4141F4780170BD70B54FF0ED
:10073000FF0C4CF4E06C1CEA11541DBF1CEA13556D
:1007400094EA0C0F95EA0C0F00F0A7F8A4EB05044F
:1007500081EA030E52EA03354FEA013100F0888046
:100760004FEA03334FF0805545EA131343EA12630F
:100770004FEA022245EA111545EA10654FEA0026C4
:100780000EF000419D4208BF964244F1FD0404F57D
:10079000407402D25B084FEA3202B61A65EB0305D9
:1007A0005B084FEA32024FF480104FF4002CB6EB96
:1007B000020E75EB030E22BFB61A754640EA0C0016
:1007C0005B084FEA3202B6EB020E75EB030E22BF56
:1007D000B61A754640EA5C005B084FEA3202B6EB97
:1007E000020E75EB030E22BFB61A754640EA9C0056
:1007F0005B084FEA3202B6EB020E75EB030E22BF26
:10080000B61A754640EADC0055EA060E18D04FEAE3
:10081000051545EA16754FEA06164FEAC30343EA83
:1008200052734FEAC2025FEA1C1CC0D111F4801F50
:100830000BD141EA00014FF000004FF0004CB6E749
:1008400011F4801F04BF01430020B4F1FD0C88BFE8
:10085000BCF5E06F3FF6AFAEB5EB030C04BFB6EBF3
:10086000020C5FEA500C50F1000041EB045170BDE6
:100870000EF0004E4EEA113114EB5C04C2BFD4EB13
:100880000C0541EA045170BD41F480114FF0000E97
:10089000013C90E645EA060E8DE60CEA135594EA13
:1008A0000C0F08BF95EA0C0F3FF43BAF94EA0C0F16
:1008B0000AD150EA01347FF434AF95EA0C0F7FF48B
:1008C00025AF104619462CE795EA0C0F06D152EADF
:1008D00003353FF4FDAE1046194622E750EA4106C3
:1008E00018BF52EA43067FF4C5AE50EA41047FF4D4
:1008F0000DAF52EA43057FF4EBAE12E74FF0FF3C39
:1009000006E000BF4FF0010C02E000BF4FF0010C09
:100910004DF804CD4FEA410C7FEA6C5C4FEA430C82
:1009200018BF7FEA6C5C1BD001B050EA410C0CBFD1
:1009300052EA430C91EA030F02BF90EA020F002033
:10094000704710F1000F91EA030F58BF994208BF9A
:1009500090422CBFD8176FEAE37040F00100704757
:100960004FEA410C7FEA6C5C02D150EA013C07D1AE
:100970004FEA430C7FEA6C5CD6D152EA033CD3D0F9
:100980005DF8040B704700BF8446104662468C46F3
:100990001946634600E000BF01B5FFF7B7FF002826
:1009A00048BF10F1000F01BD4DF808EDFFF7F4FF4F
:1009B0000CBF012000205DF808FB00BF4DF808EDDA
:1009C000FFF7EAFF34BF012000205DF808FB00BFFD
:1009D0004DF808EDFFF7E0FF94BF012000205DF81F
:1009E00008FB00BF4DF808EDFFF7CEFF94BF0120D4
:1009F00000205DF808FB00BF4DF808EDFFF7C4FFCD
:100A000034BF012000205DF808FB00BF4FEA410C15
:100A10007FEA6C5C02D150EA013C0AD14FEA430CF8
:100A20007FEA6C5C02D152EA033C02D14FF0000035
:100A300070474FF0010070474FEA410212F5001273
:100A400015D211D56FF47873B3EB625212D94FEA15
:100A5000C12343F0004343EA505311F0004F23FAFF
:100A600002F018BF404270474FF00000704750EA54
:100A7000013005D111F0004008BF6FF00040704711
:100A80004FF00000704700BF80F0004002E000BF60
:100A900081F0004142001FBF5FEA410392EA030F69
:100AA0007FEA226C7FEA236C6AD04FEA1262D2EBB3
:100AB0001363C1BFD218414048404140B8BF5B42B8
:100AC000192B88BF704710F0004F40F4000020F051
:100AD0007F4018BF404211F0004F41F4000121F067
:100AE0007F4118BF494292EA030F3FD0A2F10102B1
:100AF00041FA03FC10EB0C00C3F1200301FA03F1EF
:100B000000F0004302D5494260EB4000B0F5000F11
:100B100013D3B0F1807F06D340084FEA310102F1D0
:100B20000102FE2A51D2B1F1004F40EBC25008BF82
:100B300020F0010040EA03007047490040EB00004C
:100B4000013A28BFB0F5000FEDD2B0FA80FCACF14D
:100B5000080CB2EB0C0200FA0CF0AABF00EBC2507A
:100B600052421843BCBFD0401843704792F0000F68
:100B700081F4000106BF80F400000132013BB5E7BB
:100B80004FEA41037FEA226C18BF7FEA236C21D031
:100B900092EA030F04D092F0000F08BF0846704796
:100BA00090EA010F1CBF0020704712F07F4F04D164
:100BB000400028BF40F00040704712F100723CBF77
:100BC00000F50000704700F0004343F0FE4040F4A1
:100BD000000070477FEA226216BF08467FEA23635F
:100BE0000146420206BF5FEA412390EA010F40F44A
:100BF000800070474FF0000304E000BF10F0004396
:100C000048BF40425FEA000C08BF704743F096437C
:100C100001464FF000001CE050EA010208BF704797
:100C20004FF000030AE000BF50EA010208BF70471E
:100C300011F0004302D5404261EB41015FEA010C33
:100C400002BF84460146002043F0B64308BFA3F12B
:100C50008053A3F50003BCFA8CF2083AA3EBC2530D
:100C600010DB01FA02FC634400FA02FCC2F120022C
:100C7000BCF1004F20FA02F243EB020008BF20F063
:100C80000100704702F1200201FA02FCC2F12002C9
:100C900050EA4C0021FA02F243EB020008BF20EABE
:100CA000DC7070474FF0FF0C1CEAD0521EBF1CEAEC
:100CB000D15392EA0C0F93EA0C0F6FD01A4480EADA
:100CC000010C400218BF5FEA41211ED04FF00063C3
:100CD00043EA501043EA5111A0FB01310CF00040EF
:100CE000B1F5000F3EBF490041EAD3715B0040EA15
:100CF000010062F17F02FD2A1DD8B3F1004F40EBE5
:100D0000C25008BF20F00100704790F0000F0CF0B7
:100D1000004C08BF49024CEA502040EA51207F3A7B
:100D2000C2BFD2F1FF0340EAC250704740F4000056
:100D30004FF00003013A5DDC12F1190FDCBF00F047
:100D400000407047C2F10002410021FA02F1C2F1F5
:100D5000200200FA02FC5FEA310040F1000053EA91
:100D60004C0308BF20EADC70704792F0000F00F0DF
:100D7000004C02BF400010F4000F013AF9D040EAE5
:100D80000C0093F0000F01F0004C02BF490011F479
:100D9000000F013BF9D041EA0C018FE70CEAD15377
:100DA00092EA0C0F18BF93EA0C0F0AD030F0004CF7
:100DB00018BF31F0004CD8D180EA010000F00040AB
:100DC000704790F0000F17BF90F0004F084691F069
:100DD000000F91F0004F14D092EA0C0F01D14202A3
:100DE0000FD193EA0C0F03D14B0218BF084608D16C
:100DF00080EA010000F0004040F0FE4040F40000B6
:100E0000704740F0FE4040F4400070474FF0FF0C48
:100E10001CEAD0521EBF1CEAD15392EA0C0F93EA8F
:100E20000C0F69D0A2EB030280EA010C49024FEAE1
:100E3000402037D04FF0805343EA111143EA10139A
:100E40000CF000408B4238BF5B0042F17D024FF452
:100E5000000C8B4224BF5B1A40EA0C00B3EB510F2D
:100E600024BFA3EB510340EA5C00B3EB910F24BF16
:100E7000A3EB910340EA9C00B3EBD10F24BFA3EB9B
:100E8000D10340EADC001B0118BF5FEA1C1CE0D163
:100E9000FD2A3FF650AF8B4240EBC25008BF20F016
:100EA000010070470CF0004C4CEA50207F32C2BF6A
:100EB000D2F1FF0340EAC250704740F400004FF007
:100EC0000003013A37E792F0000F00F0004C02BF38
:100ED000400010F4000F013AF9D040EA0C0093F002
:100EE000000F01F0004C02BF490011F4000F013B5C
:100EF000F9D041EA0C0195E70CEAD15392EA0C0FC4
:100F000008D142027FF47DAF93EA0C0F7FF470AFFB
:100F1000084676E793EA0C0F04D14B023FF44CAF3E
:100F200008466EE730F0004C18BF31F0004CCAD1D3
:100F300030F000427FF45CAF31F000437FF43CAF0F
:100F40005FE700BF4FF0FF3C06E000BF4FF0010C31
:100F500002E000BF4FF0010C4DF804CD4FEA400213
:100F60004FEA41037FEA226C18BF7FEA236C11D05D
:100F700001B052EA530C18BF90EA010F58BFB2EB10
:100F8000030088BFC81738BF6FEAE17018BF40F090
:100F9000010070477FEA226C02D15FEA402C05D144
:100FA0007FEA236CE4D15FEA412CE1D05DF8040BC9
:100FB000704700BF844608466146FFE70FB5FFF75C
:100FC000C9FF002848BF10F1000F0FBD4DF808ED14
:100FD000FFF7F4FF0CBF012000205DF808FB00BF05
:100FE0004DF808EDFFF7EAFF34BF012000205DF85F
:100FF00008FB00BF4DF808EDFFF7E0FF94BF0120AC
:1010000000205DF808FB00BF4DF808EDFFF7D2FFA8
:1010100094BF012000205DF808FB00BF4DF808EDEB
:10102000FFF7C8FF34BF012000205DF808FB00BFB8
:101030004FEA4002B2F1FE4F0FD34FF09E03B3EBE5
:1010400012620DD94FEA002343F0004310F0004F25
:1010500023FA02F018BF404270474FF0000070477B
:1010600012F1610F01D1420205D110F0004008BF1A
:101070006FF0004070474FF00000704742000ED202
:10108000B2F1FE4F0BD34FF09E03B3EB126209D4C3
:101090004FEA002343F0004323FA02F070474FF079
:1010A0000000704712F1610F01D1420202D14FF0EE
:1010B000FF3070474FF00000704700BF80B584B02C
:1010C00000AFF860B9607A60B968F868FFF788FF28
:1010D0000346002B01D0BB6809E07968F868FFF788
:1010E0009DFF0346002B01D07B6800E0FB6818469B
:1010F0001037BD4680BD000080B582B000AF78607B
:101100000D497868FFF7CEFD03460C4A4FF0000109
:101110001846FFF7D3FF78604FF07C517868FFF7EF
:10112000B9FC03461846FFF7A9FF03469BB21846D1
:101130000837BD4680BD00BF00007A4400FF7F47EE
:1011400080B582B000AF786017497868FFF7AAFDD4
:101150000346164A4FF047411846FFF7AFFF786045
:101160004FF000017868FFF74FFF0346002B0BD0CC
:101170004FF07C517868FFF78DFC03461846FFF767
:1011800057FF03461BB20AE04FF07C517868FFF727
:101190007FFC03461846FFF74BFF03461BB2184679
:1011A0000837BD4680BD00BF00007A4400FEFF4600
:1011B00090B585B000AF78603B4B19467868FFF773
:1011C00023FF0346002B01D0384B69E0384B19460A
:1011D0007868FFF70FFF0346002B02D04FF00003A3
:1011E0005EE00023FB7356E0FB7B324A52F823306B
:1011F00019467868FFF7FEFE0346002B48D0FB7BBC
:1012000001332C4A52F8233019467868FFF7FCFE68
:101210000346002B3CD0FB7B0133264A52F8233097
:1012200019467868FFF734FC03461C46FB7B214ACD
:1012300052F82320FB7B01331E4951F82330194615
:101240001046FFF725FC034619462046FFF7DEFD52
:101250000346BB60FB7B0133174A52F82340FB7BFC
:10126000154A52F82320FB7B0133134951F82330F0
:1012700019461046FFF70CFC0346B9681846FFF7FD
:1012800011FD034619462046FFF704FC034607E01C
:10129000FB7B0133FB73FB7B112BA5D94FF00003C4
:1012A00018461437BD4690BD713D6A410000C842E2
:1012B00000002041CCBB000818BC000880B586B0F7
:1012C00000AF7860396007F10C0300221A605A60A1
:1012D0009A607B68FB6001233B6107237B6107F118
:1012E0000C031946144803F07BFC0346002B01D085
:1012F00000231DE0104803F087FA0346002B01D0BD
:10130000002315E005210C4803F058FB0346002B91
:1013100004D0094803F026FB002309E0064803F047
:1013200053FC02463B681A60034803F01BFB012391
:1013300018461837BD4680BDC403002090B59FB045
:1013400000AF786039607B68002B02D03B68002BCF
:1013500001D1002393E1002387F877302EE00023AA
:10136000BB6007F1080319460620FFF7A7FF0346F5
:1013700083F00103DBB2002B03D1BB68B3F5805FC0
:1013800006D39D4B1B6801339B4A1360002376E113
:10139000BA6897F8773092B25B0078333B4423F811
:1013A0006C2C97F8773001331F2B02D8012003F003
:1013B0002FF997F87730013387F8773097F877303F
:1013C0001F2BCCD9012387F8763040E097F8763090
:1013D0005B0078333B4433F86C3CA7F84E3097F809
:1013E000763087F8753014E097F87530013B97F840
:1013F00075205B0078333B4433F86C1C5300783322
:101400003B440A4623F86C2C97F87530013B87F86B
:10141000753097F87530002B0BD097F87530013B7D
:101420005B0078333B4433F86C3CB7F84E209A426B
:10143000DAD397F875305B0078333B44B7F84E2029
:1014400023F86C2C97F87630013387F8763097F8CC
:1014500076301F2BBAD9BA89684B1A80B7F84A2060
:10146000674B1A807B8A012B05D9B7F8443040F6C8
:10147000FD72934206D9604B1B6801335E4A1360CC
:101480000023FCE000233B67032387F86F300FE065
:1014900097F86F305B0078333B4433F86C3C1A4666
:1014A0003B6F13443B6797F86F30013387F86F3019
:1014B00097F86F301C2BEBD9386FFFF79BFB034677
:1014C00050491846FFF7A2FC0346BB664FF07C511B
:1014D000B86EFFF7DFFA03461846FFF7CFFD034665
:1014E0009AB2494B1A80494B49491846FFF78EFC7E
:1014F00003461946B86EFFF7D5FB03467B664FF0EF
:101500007E53796E1846FFF7CDFB03461A46414BD2
:1015100019461046FFF7BEFA03463B663E4B194696
:10152000386EFFF7B5FA03461A463C4B194610468B
:10153000FFF76CFC03461A46394B19461046FFF775
:10154000A7FA0346FB6501231C463649F86DFFF7F1
:1015500065FD0346002B01D100231C46E3B283F056
:101560000103DBB2002B10D101231C462E49F86D7C
:10157000FFF736FD0346002B01D100231C46E3B2E2
:1015800083F00103DBB2002B06D01B4B1B68013339
:10159000194A1360002372E0244AFB6D1360244B48
:1015A0001B7883F00103DBB2002B06D0214AFB6DD0
:1015B00013601F4B01221A7055E01E4B1B68194621
:1015C000F86DFFF765FA0346BB654FF00001B86D93
:1015D000FFF706FD0346002B03D0BB6D83F00043ED
:1015E00000E0BB6D7B651449786DFFF70DFD034688
:1015F000002B25D0114B25E0AC0200209E020020DC
:10160000A00200200000D0419C0200203333534050
:1016100000F07F45FED4F83D00002040CDCCCC3D0D
:10162000448B6C3F0000F0C10000F041A402002098
:1016300014020020100200209A99993E6666263F07
:101640004FF07A533B65B96D386DFFF72BFB0346BE
:101650001A460D4B1B6819461046FFF71BFA034646
:101660001A46094B1A60084B1B68084A1360064B60
:101670001A687B681A603B68FA6D1A600123184685
:101680007C37BD4690BD00BF10020020A80200209C
:1016900080B483B000AF03460A46FB711346BB71AA
:1016A000084AFB791370084ABB791370074B1B6813
:1016B0000133064A1360002318460C37BD4680BC30
:1016C000704700BF0000002060020020640200207C
:1016D00080B58CB004AF03463960FB71FB79032BF6
:1016E00002D83B68002B06D1FB7902211846FFF790
:1016F000CFFF0346B1E0FB799BB204339BB21B03DF
:101700009AB2584B1343BB8301233B74BB8B1B0A18
:101710009BB2DBB27B74BB8BDBB2BB7407F11002F4
:101720000F230093032394214F4804F04BFA034600
:10173000002B06D0FB7901211846FFF7A9FF0346CD
:101740008BE002F05BFFB8610023FB770F2302936D
:101750000223019307F1080300930123012294213E
:10176000414804F02DFB0346002B06D0FB790221F3
:101770001846FFF78DFF03466FE03B7A1B021AB253
:101780007B7A1BB213431BB2FB82FA8ABB8B53409A
:101790009BB203F4FC43002B06D0FB7902211846D0
:1017A000FFF776FF034658E0B7F91630002B02DA50
:1017B0000123FB7709E0012002F02AFF02F01EFF5F
:1017C0000246BB69D31A112BC0D9FB7F83F00103FA
:1017D000DBB2002B06D0FB7903211846FFF758FF38
:1017E00003463AE00F2302930223019307F10C030F
:1017F00000930123002294211B4804F0E1FA0346E0
:10180000002B06D0FB7904211846FFF741FF034661
:1018100023E03B7B1B021AB27B7B1BB213431AB241
:101820003B681A803B68B3F90030002B0DDB3B6846
:10183000B3F9003047F6F772934206DC3B68B3F920
:1018400000309BB2B3F5CD4F06D3FB790521184686
:10185000FFF71EFF034600E0012318462037BD4670
:1018600080BD00BF8383FFFFF403002090B58FB0DD
:1018700000AF7860002387F837302BE0002387F82B
:1018800036301EE097F8362097F8370007F1080148
:1018900013465B00134403445B00CA1897F83630C4
:1018A00011461846FFF714FF034683F00103DBB22D
:1018B000002B01D00023EDE097F83630013387F894
:1018C000363097F83630032BDCD997F837300133B0
:1018D00087F8373097F83730022BCFD9002387F8B5
:1018E0003530CBE097F8352013465B0013445B009E
:1018F00038333B44303B1B887B8697F835201346B2
:101900005B0013445B0038333B442E3B1B883B8613
:1019100097F8352013465B0013445B0038333B4493
:101920002C3B1B88FB85B7F93220B7F930309A423F
:1019300005DD7B8EBB853B8E7B86BB8D3B86B7F9F9
:101940003020B7F92E309A4205DD3B8E7B85FB8D2A
:101950003B867B8DFB85B7F93220B7F930309A4250
:1019600005DD7B8E3B853B8E7B863B8D3B864FF436
:101970008C73FB843A8E7B8ED31A9BB2FA8C9A427C
:101980000ED2FA8D3B8ED31A9BB2FA8C9A4207D2B2
:1019900097F8353006211846FFF77AFE034679E0BE
:1019A000B7F93020B7F93230D21AB7F92E10B7F99B
:1019B0003030CB1A9A4204DA3A8E7B8ED31A9BB21D
:1019C00003E0FA8D3B8ED31A9BB2BB84BB8C0433ED
:1019D000DA0897F8353091B2304A22F8131097F8A8
:1019E00035302F493A8E21F81320B7F93030184698
:1019F000FFF704F903462B491846FFF753F903464E
:101A00003B6297F83530284A52F82330396A184635
:101A1000FFF748F90346184697F83530234A52F83D
:101A200023301946FFF73EF90346184697F835303C
:101A30001F4A52F823301946FFF734F90346184677
:101A400097F835301B4A52F8231097F835309B0031
:101A50007A68D418FFF71EF80346236097F83530EC
:101A60009B007A681A4497F835301268124941F899
:101A7000232097F83530013387F8353097F8353023
:101A8000032B7FF62FAF0D4B00221A700C4BFF2259
:101A90001A70012318463C37BD4690BD74020020E1
:101AA0006C0200206F1203398CBB00089CBB00083D
:101AB000ACBB0008BCBB00087C0200206002002018
:101AC0000000002080B584B000AF0346FB804FF6D5
:101AD000E073FB81FA88FB891340BB81B7F90C30B6
:101AE000002B03DABB89A3F5803300E0BB89BB6020
:101AF000B868FFF783F803464FF06E511846FFF7BA
:101B0000D1F8034618461037BD4680BD80B588B071
:101B100000AFF860B9607A60B968F868FFF77EFADC
:101B20000346002B05D0FB68FB61BB68FB60FB69CB
:101B3000BB607968B868FFF771FA0346002B05D0DF
:101B4000BB68BB617B68BB60BB697B60B968F868D8
:101B5000FFF764FA0346002B05D0FB687B61BB6886
:101B6000FB607B69BB60BB6818462037BD4680BD03
:101B700080B400AF0A4B00221A700A4B00221A7080
:101B8000094B00221A70094B00221A70084B1B687F
:101B90000133074A136000BFBD4680BC704700BFD9
:101BA00034020020350200203C0200204F020020B9
:101BB0005C02002080B582B000AF0346FB710E4A84
:101BC000FB7913700D4B1B6801330C4A13600C4BEF
:101BD0001B78002B0AD002F011FD0246094B1B684E
:101BE000D31AB3F57A7F01D3FFF7C2FF002318465B
:101BF0000837BD4680BD00BF4E02002054020020C1
:101C00003C0200205802002090B593B004AF7860E9
:101C10007B68002B04D10120FFF7CCFF03469DE138
:101C200000233B820023FB73012387F83730002316
:101C300087F83630002387F8353038E00F230293D9
:101C40000223019307F11003009301230022902146
:101C5000A34804F0B5F80346002B03D0012387F80E
:101C6000373017E00F2302930123019307F10F038D
:101C70000093012301229021994804F0A1F8034622
:101C8000002B03D0022387F8373003E0012387F8C5
:101C9000363010E097F835300133012B02D802209E
:101CA00002F0B6FC97F83530013387F8353097F8F5
:101CB0003530012BC2D997F8363083F00103DBB2FF
:101CC000002B06D097F837301846FFF773FF03460E
:101CD00044E1FB7B03F00103002B04D00320FFF75A
:101CE00069FF03463AE13B7C1B021AB27B7C1BB2C4
:101CF00013431BB2FB85FB8D1846FFF7E3FEB8626A
:101D000001231C467749B86AFFF77EF90346002B8A
:101D100001D100231C46E3B283F00103DBB2002BA8
:101D200010D101231C467049B86AFFF763F90346D6
:101D3000002B01D100231C46E3B283F00103DBB288
:101D4000002B04D00420FFF735FF034606E14FF0D7
:101D50000001B86AFEF79EFE03467B6201231C4623
:101D60006049786AFFF750F90346002B01D1002340
:101D70001C46E3B283F00103DBB2002B10D1012338
:101D80001C465949786AFFF735F90346002B01D103
:101D900000231C46E3B283F00103DBB2002B04D026
:101DA0000420FFF707FF0346D8E002F027FC386263
:101DB0004E4B1B78002B08D04D4B1B683A6AD31A48
:101DC000B3F57A7F01D3FFF7D3FE4A4AFB8D138028
:101DD000494A7B6A1360464A3B6A1360474B1B685B
:101DE0000133464A1360464B00221A70454B1B785C
:101DF0001946454A7B6A42F82130424B1B78591CF0
:101E0000424BA3FB01235A0813465B001344CA1A32
:101E1000D2B23C4B1A703E4B1B78022B05D83C4B80
:101E20001B780133DAB23A4B1A70394B1A78394BB6
:101E30001A707B6A3B63364B1B78022B10D1324BF6
:101E40001B68314A526811461846FEF723FE0346C6
:101E50004FF07C511846FEF725FF03463B630DE02B
:101E60002B4B1B78032B09D1274B1B68264A516843
:101E7000254A92681846FFF749FE3863264A3B6BAD
:101E800013601A4B1B7883F00103DBB2002B06D0E2
:101E9000224A3B6B1360154B01221A7055E01F4B11
:101EA0001B681946386BFEF7F3FD0346FB614FF0E4
:101EB0000001F869FFF794F80346002B03D0FB6993
:101EC00083F0004300E0FB69BB614FF08041B869DB
:101ED000FFF79AF80346002B24D0114B24E000BFF3
:101EE000F403002000005CC20000FA423C02002023
:101EF000580200204C020020400200205002002026
:101F00004E0200203502002028020020ABAAAAAA17
:101F1000340200204F02002044020020380200203A
:101F20003333333F4FF07A537B61F9697869FEF7B9
:101F3000B9FE03461A460B4B1B6819461046FEF7BE
:101F4000A9FD03461A46074B1A60064B1B68064A52
:101F50001360044B1A687B681A60012318463C37EB
:101F6000BD4690BD380200204802002080B582B0F6
:101F700000AF0346FB71FB79002B01D0012200E08A
:101F800000220B4B1A70FB791A468021094803F096
:101F90008CFCFB7983F00103DBB21A464FF400514D
:101FA000054803F082FC00BF0837BD4680BD00BF76
:101FB000F4010020000801400010014080B500AF8E
:101FC000034B01221A700020FFF7D0FF00BF80BD35
:101FD000F501002080B500AF124B1B680133114A98
:101FE0001360114B1B78DBB2002B03D00020FFF7EE
:101FF000BDFF15E00D4B1B78DBB2002B07D10C4B5E
:102000001B78DBB283F00103DBB2002B05D0094B58
:102010001B680133074A136002E00120FFF7A6FFA7
:1020200080BD00BFD0020020F4010020F501002097
:10203000F6010020D4020020B0B598B000AF78605F
:1020400007F1380300221A605A609A60DA601A6158
:102050005A614FF000037B614FF000033B614FF08A
:102060000003FB6007F128031846FFF7FFFB034658
:1020700087F85F3007F1100207F114031146184684
:10208000FFF75CF9034687F85A3007F10C0318464E
:10209000FFF7BAFD034687F8593097F85F30002BF9
:1020A00076D0BB6ABB61FB6ABA6A11461846FEF776
:1020B000EFFC0346FB613B6BFA6A11461846FEF7DC
:1020C000E7FC03463B627B6B3A6B11461846FEF712
:1020D000DFFC03467B627B6B8C491846FEF780FF72
:1020E0000346002B07D17B6B89491846FEF796FF04
:1020F0000346002B02D0002387F85F30002387F8C7
:102100005E3030E097F85E3097F85E209B006033D9
:102110003B4453F8483C7F4941F8223097F85E3001
:102120009B0060333B4453F8483C4FF07F511846C6
:10213000FEF756FF0346002B0DD197F85E309B004B
:1021400060333B4453F8483C73491846FEF766FF3A
:102150000346002B02D0002387F85F3097F85E30EB
:10216000013387F85E3097F85E30032BCAD997F8B1
:102170005F3083F00103DBB2002B04D00721FF2086
:10218000FFF786FA04E0654B1B680133634A13606E
:1021900097F85F30002B05D097F85A30002B01D00C
:1021A000012300E0002303F00103DAB25C4B1A7054
:1021B0005B4B1B78DBB283F00103DBB2002B01D059
:1021C000FFF7FCFE97F85F30002B00F0F480554BD2
:1021D0001B7883F00103DBB2002B1CD0002387F8AF
:1021E0005D3010E097F85D3097F85D209B0060331C
:1021F0003B4453F8383C4C4941F8223097F85D3065
:10220000013387F85D3097F85D30032BEAD9454BF1
:1022100001221A7034E0002387F85C302CE097F834
:102220005C30414A52F8235097F85C309B00603391
:102230003B4453F8382C97F85C303B4951F8233035
:1022400019461046FEF724FC03461A46374B19463A
:102250001046FEF727FD034697F85C4019462846CE
:10226000FEF718FC03461A462F4B43F8242097F834
:102270005C30013387F85C3097F85C30032BCED9A3
:10228000294B1B682A4A1360274B5B68264A126851
:1022900011461846FEF7FCFB03461A46254B1A600A
:1022A000214B9B68204A526811461846FEF7F0FB06
:1022B00003461A46204B1A601B4BDB681A4A926889
:1022C00011461846FEF7E4FB03461A461B4B1A60FC
:1022D000154BDB681A4A1360002387F85B3045E032
:1022E00097F85B30002B2DD097F85B30012B09D08D
:1022F00097F85B30022B02D10F4B1B6824E00F4B89
:102300001B6821E00B4B1B681EE000BF0000E04093
:10231000000090418C0200200000904068020020E4
:10232000F60100201502002018020020CDCC4C3E02
:10233000F8010020FC01002000020020040200201F
:10234000080200209F4B1B687B6597F85B40786D07
:10235000FEF7D2FE03461A46630060333B4423F87F
:10236000282C97F85B30013387F85B3097F85B30A7
:10237000032BB5D9944B1B681846FEF7BDFE0346E8
:10238000A7F8403097F8493043F00103DBB287F8F3
:1023900049307B6B8D491846FEF740FE0346002B03
:1023A00007D17B6B8A491846FEF71AFE0346002BBD
:1023B00001D0FFF703FE97F85A30002B11D07B694C
:1023C000844A1360834B1B681846FEF7B9FE034628
:1023D000A7F8423097F8493043F00803DBB287F89A
:1023E000493097F85930002B34D0FB684FF000018A
:1023F0001846FEF709FE0346002B11D0FB6876490C
:102400001846FEF74FFC03464FF07C511846FEF786
:1024100041FB03461846FEF70BFE03461BB210E0D5
:10242000FB686D491846FEF73DFC03464FF07C51B2
:102430001846FEF72DFB03461846FEF7F9FD034646
:102440001BB2A7F8463097F8493043F00203DBB2DD
:1024500087F8493097F85F30002B00F0928097F8AA
:102460005A30002B00F08D805C4B1B7883F0010309
:10247000DBB2002B13D07B6842F20F7293420ED96D
:10248000514B1B681846FEF793FE0346544A1360EF
:10249000524B01221A70534A7B6813603BE04F4B4A
:1024A0001B78002B37D04F4B1B687A68D31A3B65DB
:1024B0004C4A7B6813604A4B1C68386DFEF79AFBE8
:1024C00002463B6919461046FEF7ECFB03461D46E3
:1024D000454B46491846FEF7E5FB03461946284694
:1024E000FEF794FC03463C491846FEF7DBFB034627
:1024F00019462046FEF7CCFA03461A46384B1A60B6
:10250000374B1B68344A4FF000011846FEF7D6FDE2
:102510000346334A13607B6B2C491846FEF77EFD59
:102520000346002B02D02E4B2B4A1A607B6B2849A6
:102530001846FEF755FD0346002B03D0284B4FF0FD
:1025400000021A60254B1B78002B1AD0244B1B6805
:1025500021491846FEF7A6FB03464FF07C5118466A
:10256000FEF798FA03461846FEF788FD03469BB22D
:10257000A7F8443097F8493043F00403DBB287F8FA
:1025800049301B4B1B78DBB287F84830194B1B785E
:10259000DBB2002B06D097F8493043F01003DBB2D2
:1025A00087F849307B68FB64134B1D4607F13804FC
:1025B0000FCC0FC594E8030085E8030000BF603727
:1025C000BD46B0BDF801002008020020CDCC684116
:1025D000CDCC1441100200200000C842B0020020FF
:1025E0000C020020B40200200000704100BA5B4AD7
:1025F000F4010020F5010020B802002080B500AFF2
:102600000020FFF7B3FC00F0BFF8164B00221A6061
:10261000154B00221A60002000F0EAF903461A4622
:10262000124B1A70124802F06FFC0346002B01D0C7
:1026300001F012FD01F0E2FF0346184600F05AFFD8
:102640000C4801F029F90346002B01D001F004FDEC
:10265000094805F0E9F80346002B01D001F0FCFC25
:1026600000BF80BDD0020020D40200200100002065
:10267000C4030020900400204804002080B582B0EC
:1026800000AF01F0BBFF7860264B1B7883F001039D
:10269000DBB2002B06D07B68FA3B234A1360214B48
:1026A00001221A70204B1B687A68D31AF92B05D9BE
:1026B0001D4A7B6813607868FFF7BEFC002000F0BD
:1026C00097F903461A46194B1A7001E0FFF782FC8E
:1026D000002000F05BF90346002BF7D1144B1B7868
:1026E000DAB2144B1A74144B1B78DBB2002B06D0F1
:1026F000104B5B7C43F01003DAB20E4B5A7401F0BE
:102700007DFF034619460B4801F09EF901F076FF64
:10271000034601221946074800F05CFF00BF083756
:10272000BD4680BDD8020020DC0200200100002050
:10273000F4010020B8020020F501002080B582B02D
:1027400000AF78607B681B68B3F1804F01D100F067
:1027500085F800BF0837BD4680BD80B582B000AFA8
:102760007860786801F0BAF800BF0837BD4680BDD0
:1027700080B582B000AF7860786801F03DF900BFA5
:102780000837BD4680BD000080B582B000AF002391
:10279000FB714EE0FA7913465B0013449B00294A13
:1027A00013443B600123BB713B681B7A002B11D0A3
:1027B0003B681B68002B0DD03B689B88002B09D021
:1027C0003B681A683B689B881946104603F056F828
:1027D0000346BB71FA791C4913465B0013440B4452
:1027E000BA791A70FA79184913465B0013440B44FE
:1027F0000133BA791A70FA79134913465B0013440E
:102800000B44023300221A70FB791049BA79CA547A
:10281000FB790F4A002142F82310FB790D4A002171
:1028200042F82310FB790C4A0021D154FB79013383
:10283000FB71FB79032BADD900BF00BF0837BD4644
:1028400080BD00BF64BC0008E0020020100300202F
:10285000EC020020FC0200200C03002080B584B0B4
:1028600000AF0023FB737CE0FA7B13465B0013444C
:102870009B00404A1344BB60FA7B13465B00134441
:102880003D4A13447B60BB681B7A83F00103DBB2D3
:10289000002B60D1BB681B68002B5CD0BB689B8899
:1028A000002B58D0BB681A68BB689B881946104635
:1028B00002F0E4FF0346FB707B681B78FA789A42CB
:1028C00006D07B68FA781A707B6800229A7045E01F
:1028D0007B689A78BB68DB799A4205D27B689B78E3
:1028E0000133DAB27B689A707B689A78BB68DB79CF
:1028F0009A4232D37B685B78FA789A422DD07B6813
:10290000FA785A70FB7B1D49FA78CA54BB689B79E8
:10291000FA789A4222D1FB7B194A52F823200132DD
:10292000174941F82320FB7B164AD35CDBB2FF2B0F
:1029300008D0FB7B134AD25CD2B20132D1B2114A29
:10294000D1540BE0FB7B104A52F8232001320E4990
:1029500041F8232002E000BF00E000BFFB7B013311
:10296000FB73FB7B032B7FF67FAF00BF00BF1037ED
:10297000BD4680BD64BC0008E002002010030020BA
:10298000EC0200200C030020FC02002080B487B081
:1029900000AF0346FB71FB79032B01D9002320E034
:1029A000EFF31083FB60FB687B6172B600BFFB79BD
:1029B0000E4AD35CDBB2002B14BF01230023FB744F
:1029C000FB7C002B07D0FB79084AD25CD2B2013ADB
:1029D000D1B2064AD1547B69002B01D162B600BF47
:1029E000FB7C18461C37BD4680BC70470C0300209A
:1029F00080B483B000AF0346FB71FB79032B01D990
:102A0000012303E0FB79044AD35CDBB218460C37A0
:102A1000BD4680BC704700BF1003002080B500AFEA
:102A20005022FF21024806F04CFF00BF80BD00BFCE
:102A30001803002080B500AF052301224E21054870
:102A400003F032FC0346002B0CBF01230023DBB252
:102A5000184680BDF403002080B500AF124803F093
:102A600081F8124B1B69114A43F4001313610120D2
:102A700001F0CEFD0D4B1B690C4A23F400131361CA
:102A8000012001F0C5FD084802F028FF0346002B95
:102A900001D0002305E0064B1B680133044A136094
:102AA0000123184680BD00BFF4030020001002403F
:102AB0008C03002080B582B000AF7860074B002205
:102AC0001A70074B00221A70064A7B681360FFF7E2
:102AD000A5FF00BF0837BD4680BD00BF140300201E
:102AE000800300207403002080B582B000AF7860BE
:102AF0000B46FB70FFF79EFF034683F00103DBB23A
:102B0000002B2CD0354B1B680133344A1360344BF7
:102B10001B78FF2B05D0324B1B780133DAB2304BD8
:102B20001A702F4B1B78012B14D9FFF795FF034622
:102B300083F00103DBB2002B07D1FFF77BFF0346D5
:102B400083F00103DBB2002B09D07868FFF7B2FFF6
:102B500000233EE07868FFF7ADFF002339E001F085
:102B600085F800F0A1F8FFF765FF034683F0010345
:102B7000DBB2002B13D0194B1B680133174A1360CB
:102B8000174B1B78FF2B05D0154B1B780133DAB29E
:102B9000134B1A707868FFF78DFF002319E0114B73
:102BA00001221A70104B01221A700D4B00221A706C
:102BB0000E4A7B6813600E4A7B681360FFF72EFF96
:102BC000FB78002B04D00B4B1B680133094A1360C0
:102BD000012318460837BD4680BD00BF840300208E
:102BE0001703002014030020800300207C03002032
:102BF000780300208803002080B582B000AF7860A1
:102C0000FFF718FF0346002B04D00E4B00221A706A
:102C1000012312E00C4B1B6801330B4A1360094B74
:102C20001B78FF2B05D0074B1B780133DAB2054B1D
:102C30001A707868FFF73EFF002318460837BD4634
:102C400080BD00BF170300208403002080B584B03E
:102C500000AF03463960FB71FB79072B1FD83B6837
:102C6000002B1CD0FB79DB00DBB243F04003DBB26E
:102C7000184600F09BFF0023FB730CE0FB7B3A68D7
:102C800013441B7803F01F03DBB2184600F0BEFFAD
:102C9000FB7B0133FB73FB7B072BEFD900E000BF0D
:102CA0001037BD4680BD000080B584B000AF012361
:102CB000FB7323E0FB7BC3F105031F2202FA03F33E
:102CC000DBB203F01F037B730023BB7308E0BB7B05
:102CD00010333B447A7B03F80C2CBB7B0133BB7372
:102CE000BB7B072BF3D9FB7B013BDBB23A1D1146C3
:102CF0001846FFF7ABFFFB7B0133FB73FB7B052B18
:102D0000D8D906490520FFF7A1FF05490620FFF79E
:102D10009DFF00BF1037BD4680BD00BF94BC0008BA
:102D20009CBC000880B582B000AF786014222021DE
:102D3000786806F0C6FD00BF0837BD4680BD80B488
:102D400085B000AFF8600B467A60FB72FB68002B21
:102D500019D07B68002B16D0FB7A132B13D80AE00E
:102D60007B685A1C7A60FA7A511CF9721146FA682B
:102D70000A441B7813707B681B78002B04D0FB7A05
:102D8000132BEDD900E000BF1437BD4680BC70475F
:102D900080B584B000AF03463960FB71FB79032B2B
:102DA00034D83B68002B31D0FA7913469B0013448A
:102DB0009B00194A134414223968184606F071FD25
:102DC0000346002B24D0FB7901330021184600F084
:102DD0007FFF0023FB7309E0FB7B3A6813441B78F9
:102DE000184600F013FFFB7B0133FB73FB7B132BB7
:102DF000F2D9FA7913469B0013449B00064A134408
:102E000014223968184606F0EAFD02E000BF00E02F
:102E100000BF1037BD4680BD1803002080B588B0C4
:102E200000AF78607B68384AA2FB03235B09FB771D
:102E3000FB7F0A2B01D90A23FB7707F10803184609
:102E4000FFF770FF07F10803304A00211846FFF72B
:102E500076FF07F1080319460020FFF799FF07F1F5
:102E600008031846FFF75EFF05237B7307F108038D
:102E7000274A07211846FFF762FF07F108031946A2
:102E80000120FFF785FF07F108031846FFF74AFF07
:102E900007F108031F4A02211846FFF750FF07F108
:102EA000080319460220FFF773FF07F108031846CD
:102EB000FFF738FF07F10803174A00211846FFF70C
:102EC0003EFF0023BB770FE0BA7FFB7F9A4201D21F
:102ED000232200E02D22BB7F063320333B4403F83E
:102EE000182CBB7F0133BB77BB7F092BECD95D234B
:102EF0003B7607F1080319460320FFF749FF00BF9F
:102F00002037BD4680BD00BFB5814E1B80BA00088A
:102F100098BA0008A0BA0008B4BA000880B588B012
:102F200000AF786039607868FFF7FCFE3D4A002109
:102F30007868FFF704FF7B680E335D221A707B68A8
:102F40000F3320221A703B685B7C03F00403002BD4
:102F500005D03B689B8942F21072934205D9324AF0
:102F600010217868FFF7EBFE59E03B689B8932330C
:102F70002E4AA2FB03235B097B833B689B891A468D
:102F800013465B0013441A01D31A03F59C5308330C
:102F9000274AA2FB03235B0BFB83FB8B2D2B01D961
:102FA0002D23FB8300237B7728E000233B777B7F67
:102FB0009BB21A46920013443B83FA8B3B8B9A4296
:102FC0000BD9FA8B3B8BD31AFB82FB8A052B02D8D9
:102FD000FB8ADBB200E005233B773B7F002B03D06D
:102FE0003B7F013BD9B200E020217B7F05337A682B
:102FF00013440A461A707B7F01337B777B7F082B53
:10300000D3D97B8B07F10C000A4A082106F0D2FBCA
:1030100007F10C031A4610217868FFF790FE20375D
:10302000BD4680BDBCBA0008C4BA00081F85EB517C
:103030005917B7D1CCBA000880B588B002AF786014
:1030400039603B685B7C03F00203002B05D11C4A0E
:103050000C21786806F0AEFB2FE03B68B3F90E3028
:103060007B617B69002B01DA164B00E0164B3B615C
:103070007B69002B02DA7B695B427B617B690533EC
:103080001A46124BA3FB0223DB08FB60FB680F4AC6
:10309000A2FB0323D808F9680C4BA3FB0123DA0831
:1030A00013469B0013445B00CA1A019200903B69CF
:1030B000074A0C21786806F07DFB1837BD4680BDB5
:1030C000D4BA0008DCBA0008E0BA0008CDCCCCCCF9
:1030D000E4BA000880B582B000AF786039607868E3
:1030E000FFF720FE7B6805221A70104A02217868DB
:1030F000FFF725FE3B685B7C03F01003002B05D037
:103100000B4A10217868FFF71AFE0BE03B681B7C26
:10311000002B01D0074B00E0074B1A4610217868BE
:10312000FFF70DFE00BF0837BD4680BDF0BA0008AE
:10313000FCBA000804BB00080CBB0008B0B58CB09A
:1031400002AF786039607868FFF7ECFD3B685B7C24
:1031500003F00103002B28D03B681B893C4AA2FBEB
:1031600003239B099BB21C463B681B89384AA2FB80
:10317000031292094FF47A7101FB02F29B1A9BB27F
:10318000344AA2FB0323DB089BB207F10C00009337
:103190002346314A162106F00DFB07F10C031A46AF
:1031A00000217868FFF7CBFD04E02C4A0021786805
:1031B000FFF7C5FD3B685B7C03F00803002B3ED0A6
:1031C0003B68B3F90A307B627B6A002B01DA2D235E
:1031D00000E02B2387F823307B6A002B02DA7B6A1E
:1031E0005B427B6297F823407B6A194A82FB031299
:1031F0009211DB17D31A1D467A6A154B83FB021313
:103200009911D317CB1A4FF47A7101FB03F3D31A38
:10321000134A82FB03129210DB17D31A07F10C003A
:103220000193009523460F4A162106F0C3FA07F1D1
:103230000C031A460A217868FFF781FD04E00A4A68
:103240000A217868FFF77BFD00BF2837BD46B0BD77
:10325000D34D6210CDCCCCCC14BB000824BB0008ED
:103260006766666630BB000840BB000880B586B064
:1032700000AF786039607868FFF754FD7B680622FC
:103280001A7007F10C0339681846FFF7D5FE07F1ED
:103290000C031A4602217868FFF751FD3B681B7C3E
:1032A000002B01D0054B00E0054B1A460C21786835
:1032B000FFF745FD00BF1837BD4680BD4CBB000879
:1032C00054BB000880B586B000AF7860396078687C
:1032D000FFF728FD7B6806221A7007F10C03396896
:1032E0001846FFF7A9FE07F10C031A460221786879
:1032F000FFF725FD124A0B217868FFF720FD3B6898
:103300005B7C03F01003002B05D00E4A1121786876
:10331000FFF715FD10E03B685B7C03F00103002B19
:1033200005D0094A11217868FFF709FD04E0074A32
:1033300011217868FFF703FD00BF1837BD4680BD37
:103340005CBB000864BB000868BB00086CBB0008DD
:1033500090B58DB002AFF860B9601346FB71F868A4
:10336000FFF7E0FC002387F8273054E0FA7997F85C
:103370002730134487F8263097F82730002B01D1E7
:10338000002300E00A2387F82530BB685B7C03F04C
:103390000103002B29D097F82620BB6833F81230A0
:1033A0007B8497F82630591C7B8C1F4AA2FB032391
:1033B0009B099BB21C467B8C1B4AA2FB0302920911
:1033C0004FF47A7000FB02F29B1A9BB2174AA2FBE1
:1033D0000323DB089BB207F11400019300940B4612
:1033E000134A0E2106F0E6F908E097F8263001337B
:1033F00007F114000F4A0E2106F0DCF907F1140260
:1034000097F825301946F868FFF799FC97F82730A8
:10341000013387F8273097F82730012BA6D900BF52
:1034200000BF2C37BD4690BDD34D6210CDCCCCCC67
:1034300070BB000880BB000880B588B000AF786022
:103440002B4B1B78002B06D107F10C03796818462B
:10345000FFF740FE05E007F10C0379681846FFF717
:1034600031FF07F10C0319460020FFF791FC07F12B
:103470000C0379681846FFF751FD07F10C03194654
:103480000120FFF785FC1A4B1B78002B06D107F1B2
:103490000C0379681846FFF751FE06E007F10C03AC
:1034A000002279681846FFF753FF07F10C0319460D
:1034B0000220FFF76DFC0E4B1B78002B06D107F1A5
:1034C0000C0379681846FFF7D1FE06E007F10C03FC
:1034D000022279681846FFF73BFF07F10C031946F3
:1034E0000320FFF755FC00BF2037BD4680BD00BF5D
:1034F0001603002080B582B000AF7860264B002212
:103500001A70264B00221A70254B00221A70254B88
:1035100000221A70244A7B6813607B68FA3B234AB6
:103520001360234A7B6813607B68A3F57A73214A92
:103530001360214A7B681360204A7B681360204B2C
:1035400000221A701F4B00221A601F4B00221A60C3
:103550001E4B00221A601E4B00221A60FFF75EFA13
:1035600000217868FFF7C0FA034683F00103DBB25D
:10357000002B0CD10020FFF751FC01F03FF803466F
:10358000094A1360084B1B68084A136000E000BF3B
:103590000837BD4680BD00BF14030020150300207E
:1035A0001603002017030020680300206C0300208E
:1035B0007003002074030020780300207C030020A7
:1035C0008003002084030020880300208C03002057
:1035D0009003002080B586B000AFF860B960134654
:1035E000FB71FB68002B00F0E3807A4B1B78002B0B
:1035F0002BD1794B1B68BA68D31AB3F57A7FC0F028
:10360000D980754ABB6813600121B868FFF76CFA6E
:10361000034683F00103DBB2002B40F0CD806F4BFB
:103620001B78002B0AD16E4B1B68BA68D31A184658
:10363000FFF7F4FB6B4ABB681360C8E0F868FFF75C
:10364000FBFE684ABB681360C1E0674B1B68BA6841
:10365000D31A47F22F52934222D90121B868FFF7BB
:1036600043FA034683F00103DBB2002B40F0A6804F
:103670005E4B1B6801335D4A1360584B1B78002B6F
:1036800003D0F868FFF7D8FE06E0554B1B68BA6810
:10369000D31A1846FFF7C2FB524ABB68136096E084
:1036A0004E4B1B78002B3DD14D4B1B68BA68D31A8B
:1036B00040F6B73293428CBF01230023FB75FB7D9C
:1036C00083F00103DBB2002B05D1FB7983F001030A
:1036D000DBB2002B19D0434B1B68BA68D31AF92B05
:1036E0006ED9404ABB681360B868FFF785FA034695
:1036F00083F00103DBB2002B64D1394B1B68BA683D
:10370000D31A1846FFF78AFB5AE0344B01221A708D
:10371000BB68A3F57A73334A1360354ABB681360FC
:10372000FFF77CF9334B1B78002B02D141F2707309
:1037300001E04FF47A633B612D4B1B68BA68D31AE2
:103740003A699A4210D82B4B1B7883F00103DAB206
:10375000284B1A70264ABB681360BB68A3F57A73BE
:10376000204A1360FFF75AF9234B1B68BA68D31A33
:1037700041F28732934204D91F4ABB681360FFF7B6
:103780004DF9184B1B68BA68D31AB3F57A7F1BD36F
:10379000144ABB681360B868FFF72EFA034683F03B
:1037A0000103DBB2002B11D1F868FFF745FE0EE0F4
:1037B00000BF0CE000BF0AE000BF08E000BF06E069
:1037C00000BF04E000BF02E000BF00E000BF183708
:1037D000BD4680BD140300207403002015030020A3
:1037E000680300206C0300207C030020900300206D
:1037F00070030020160300207803002080B485B0F9
:1038000000AF78600B46FB700023FB730023BB7393
:1038100021E0BB7B7A6813441A78FB7B5340FB732F
:1038200000237B7311E097F90F30002B06DAFB7B46
:103830005B00DBB283F00703DBB202E0FB7B5B00E3
:10384000DBB2FB737B7B01337B737B7B072BEAD97A
:10385000BB7B0133BB73BA7BFB789A42D9D3FB7B2A
:1038600018461437BD4680BC704780B483B000AFA3
:1038700078600B467B807B88DAB27B681A707B8825
:103880001B0A9AB27B680133D2B21A7000BF0C37A0
:10389000BD4680BC7047000080B582B000AF786044
:1038A0000A4A7B6813600A4B00221A70094B0022F7
:1038B0001A70064B1B6801220749184604F031FCB8
:1038C000034618460837BD4680BD00BF940300205C
:1038D000C0030020C10300209803002080B584B0FD
:1038E00000AF78603D4B1B68002B73D03B4B1B68CF
:1038F0007A689A426ED13A4B1B78BB73394B1B786E
:10390000FB73FB7B002B0AD1BB7BAA2B57D1FB7B24
:103910005A1CFA731946344ABB7B53544FE0FB7B65
:10392000232B01D90023FB73FB7B002B06D0FB7BF1
:103930005A1CFA7319462C4ABB7B5354FB7B032B4E
:1039400005D1294B9B78202B01D90023FB73FB7BEE
:10395000022B34D9244B9B780433DBB2FA7B9A4296
:103960002DD1214B9B787B731F4B5B78002B24D18F
:103970007B7B032B21D11C4BDB78012B1DD17B7B67
:103980000233DBB219461948FFF738FF03461946E0
:103990007B7B0333144AD35C99420ED1124B1B79C3
:1039A0001AB2114B5B791B021BB213431BB29AB2C2
:1039B0000F4B1A800F4B01221A700023FB73094A28
:1039C000FB7B1370054B1B6801220549184604F068
:1039D000A8FB00E000BF1037BD4680BD9403002067
:1039E00098030020C00300209C0300209D030020BA
:1039F000C2030020C103002080B582B000AF786010
:103A00000E4B1B68002B14D00C4B1B687A689A4233
:103A10000FD10B4B00221A70084B1B68184604F09C
:103A2000A5FB064B1B6801220649184604F079FBEA
:103A300000E000BF0837BD4680BD00BF94030020F2
:103A4000C003002098030020B0B592B000AF7860AA
:103A50003960534B1B68002B00F09D807B68002B66
:103A600000F099804F4B1B78DBB2002B00F0938065
:103A700072B600BF4C4B1B88A7F84430494B00225C
:103A80001A7062B600BF7B6807F128041D460FCD8F
:103A90000FC495E8030084E80300FB6B3A68D31A6F
:103AA00040F2DC52934206D997F8393023F00F03E5
:103AB000DBB287F8393007F10C0303333B64AA23E8
:103AC0003B7302237B731523BB733B6C91221A70EB
:103AD0003B6C0133B7F8442011461846FFF7C5FE8A
:103AE000002387F8473015E097F847305B00033331
:103AF0003A6C1A4497F847305B0048333B4433F83C
:103B0000203C19461046FFF7B0FE97F847300133C6
:103B100087F8473097F84730032BE5D93B6C0B33D8
:103B20003A8E11461846FFF7A0FE3B6C0D33B7F9ED
:103B3000322092B211461846FFF797FE3B6C0F33C6
:103B4000BA8E11461846FFF790FE3B6C1133B7F959
:103B5000362092B211461846FFF787FE3B6C1333AE
:103B600097F838201A703B6C143397F839201A7084
:103B700007F10C03013317211846FFF73FFE0346F8
:103B800087F82430064B186807F10C010A23192224
:103B900004F03CFA00E000BF4837BD46B0BD00BFAE
:103BA00094030020C1030020C203002080B586B02A
:103BB00002AF0346FB71FB7923F00F03FB73FB7924
:103BC0001B01BB73FB7B43F00C03DBB23B72FB7B43
:103BD00043F00803DBB27B72BB7B43F00C03DBB228
:103BE000BB72BB7B43F00803DBB2FB7207F1080238
:103BF0006423009304234E21034801F0E3FF00BF38
:103C00001037BD4680BD00BFF403002080B586B0EC
:103C100002AF0346FB71FB7923F00F03FB73FB79C3
:103C20001B01BB73FB7B43F00D03DBB23B72FB7BE1
:103C300043F00903DBB27B72BB7B43F00D03DBB2C5
:103C4000BB72BB7B43F00903DBB2FB7207F10802D6
:103C50006423009304234E21034801F0B3FF00BF07
:103C60001037BD4680BD00BFF403002080B500AF13
:103C70003320FFF79BFF052000F0CAFC3220FFF73E
:103C800095FF052000F0C4FC2820FFF78FFF0520DA
:103C900000F0BEFC0120FFF789FF052000F0B8FC12
:103CA0000620FFF783FF052000F0B2FC0C20FFF791
:103CB0007DFF052000F0ACFC0220FFF777FF052018
:103CC00000F0A6FC8020FFF771FF00BF80BD000060
:103CD00080B584B000AF786039600F4BFB607B68C3
:103CE000002B14DD7B68042B11DC7B68013B103357
:103CF0003B4413F8042C3B68DBB21344DBB25BB2E9
:103D000063F07F035BB2DBB21846FFF74FFF00BFE3
:103D10001037BD4680BD00BF0040145480B500AFD1
:103D200000F014FC00F00FF800F01CF900F08EF821
:103D300000F058F800F0F2F800F0B2F8FEF75EFC80
:103D4000FEF79CFCFCE780B594B000AF07F12803B8
:103D500028220021184605F0B4FD07F114030022C3
:103D60001A605A609A60DA601A613B1D00221A607C
:103D70005A609A60DA600123BB624FF48033FB62C1
:103D800000233B630123BB6302237B644FF4803336
:103D9000BB644FF4E013FB6407F12803184602F0FC
:103DA00051FF0F237B610223BB610023FB614FF4B2
:103DB00080633B6200237B6207F1140302211846F3
:103DC00003F0C2F902237B604FF40043FB603B1D0C
:103DD000184603F06DFB03F0A1FA00BF5037BD4653
:103DE00080BD000080B584B000AF3B1D00221A608A
:103DF0005A609A60134B144A1A60124B00229A6060
:103E0000104B00221A730F4B00221A750D4B4FF402
:103E10006022DA610B4B00225A600A4B01221A61C0
:103E2000084800F019FC06237B600123BB600023D7
:103E3000FB603B1D1946034800F0D2FE00BF10375F
:103E4000BD4680BDC40300200024014080B500AF02
:103E5000104B114A1A600F4B104A5A600D4B00224A
:103E60009A600C4B0022DA600A4B4FF480421A61D0
:103E7000084B00225A61074B00229A61054B002231
:103E8000DA61044B00221A62024801F027FD00BFEC
:103E900080BD00BFF403002000540040A086010054
:103EA00080B586B000AF07F1080300221A605A609F
:103EB0009A60DA603B4600221A605A60164B4FF057
:103EC00080421A60144B41F61F425A60124B002286
:103ED0009A60114B0922DA600F4B00221A610E4BD7
:103EE00000229A610C4803F04FFC4FF48053BB60F2
:103EF00007F108031946084803F0D8FD00233B608A
:103F000000237B603B461946034803F0BFFF00BF18
:103F10001837BD4680BD00BF4804002080B500AF03
:103F20000E4B0F4A1A600D4B4FF4E1325A600B4BA7
:103F300000229A60094B0022DA60084B00221A61C5
:103F4000064B0C225A61054B00229A61034B00225A
:103F5000DA61024804F00AF800BF80BD9004002036
:103F60000044004080B588B000AF07F11003002284
:103F70001A605A609A60DA60334B9B69324A43F0A8
:103F800010039361304B9B6903F01003FB60FB68E7
:103F90002D4B9B692C4A43F0200393612A4B9B696C
:103FA00003F02003BB60BB68274B9B69264A43F0A4
:103FB00004039361244B9B6903F004037B607B68DB
:103FC000214B9B69204A43F0080393611E4B9B6978
:103FD00003F008033B603B68002280211B4801F08E
:103FE00064FC01224FF40051194801F05EFC4FF4CB
:103FF00000533B6101237B610023BB610223FB6112
:1040000007F110031946124801F0F8F980233B61CB
:1040100001237B610023BB610223FB6107F11003D5
:1040200019460A4801F0EAF920233B6100237B612D
:104030000123BB6107F110031946064801F0DEF9C0
:1040400000BF2037BD4680BD00100240000801407F
:1040500000100140000C014080B400AF72B600BFF8
:1040600000BFFDE780B485B000AF154B9B69144AD3
:1040700043F001039361124B9B6903F00103BB60A2
:10408000BB680F4BDB690E4A43F08053D3610C4B86
:10409000DB6903F080537B607B680A4B5B68FB60E5
:1040A000FB6823F0E063FB60FB6843F00073FB6098
:1040B000044AFB68536000BF1437BD4680BC70479C
:1040C000001002400000014080B588B000AF786069
:1040D00007F1100300221A605A609A60DA607B6868
:1040E0001B68144A934221D1134B9B69124A43F433
:1040F00000739361104B9B6903F40073FB60FB68D2
:104100000D4B9B690C4A43F0040393610A4B9B6976
:1041100003F00403BB60BB6840233B6103237B6166
:1041200007F110031946054801F068F900BF203770
:10413000BD4680BD0024014000100240000801403F
:1041400080B588B000AF786007F1100300221A60D4
:104150005A609A60DA607B681B68154A934223D1E3
:10416000144B9B69134A43F008039361114B9B69FD
:1041700003F00803FB60FB68C0233B6112237B61F3
:104180000323FB6107F1100319460B4801F036F9D0
:10419000084BDB69074A43F40013D361054BDB6925
:1041A00003F40013BB60BB6800BF2037BD4680BD71
:1041B0000054004000100240000C014080B582B065
:1041C00000AF78607B681B680A4A93420DD10A4BA6
:1041D000DB69094A23F40013D3614021074801F049
:1041E00091FA8021054801F08DFA00BF0837BD46DD
:1041F00080BD00BF0054004000100240000C014090
:1042000080B584B000AF78607B681B68B3F1804FE5
:1042100013D10C4BDB690B4A43F00103D361094B0B
:10422000DB6903F00103FB60FB68002200211C2016
:1042300000F0EFFF1C2001F008F800BF1037BD466A
:1042400080BD00BF0010024080B588B000AF78602C
:1042500007F1100300221A605A609A60DA607B68E6
:104260001B681F4A934237D11E4BDB691D4A43F43A
:104270000033D3611B4BDB6903F40033FB60FB6845
:10428000184B9B69174A43F004039361154B9B69D4
:1042900003F00403BB60BB6804233B6102237B6122
:1042A0000323FB6107F1100319460F4801F0A6F83C
:1042B00008233B6100237B610023BB6107F11003EE
:1042C0001946094801F09AF800220021262000F042
:1042D000A0FF262000F0B9FF00BF2037BD4680BDFB
:1042E00000440040001002400008014080B500AFCB
:1042F00003F0A6F800BFFDE780B400AF00BFFDE704
:1043000080B400AF00BFFDE780B400AF00BFFDE7A1
:1043100080B400AF00BFFDE780B400AF00BFBD4672
:1043200080BC704780B400AF00BFBD4680BC704702
:1043300080B400AF00BFBD4680BC704780B500AF01
:1043400000F04AF900BF80BD80B500AF024803F01D
:10435000BDFA00BF80BD00BF4804002080B500AF9B
:10436000024803F0A7FF00BF80BD00BF90040020FB
:1043700080B400AF01231846BD4680BC704780B5AD
:1043800082B000AF7860396005F0EEFA034616227D
:104390001A604FF0FF3318460837BD4680BD80B520
:1043A00082B000AF78604FF0FF317868FFF7E7FF29
:1043B00000BFFDE780B586B000AFF860B9607A60F5
:1043C00000237B610AE0AFF300800146BB685A1C02
:1043D000BA60CAB21A707B6901337B617A697B6803
:1043E0009A42F0DB7B6818461837BD4680BD80B521
:1043F00086B000AFF860B9607A6000237B6109E0A5
:10440000BB685A1CBA601B781846AFF300807B6902
:1044100001337B617A697B689A42F1DB7B681846DD
:104420001837BD4680BD80B483B000AF78604FF0D0
:10443000FF3318460C37BD4680BC704780B483B04C
:1044400000AF786039603B684FF400525A60002337
:1044500018460C37BD4680BC704780B483B000AFAF
:104460007860012318460C37BD4680BC704780B485
:1044700085B000AFF860B9607A6000231846143741
:10448000BD4680BC7047000080B586B000AF786044
:10449000144A154BD31A7B617B693B61134B1B6834
:1044A000002B02D1114B124A1A60104B1A687B681C
:1044B00013443A699A4207D205F056FA03460C2291
:1044C0001A604FF0FF3309E0084B1B68FB60074B95
:1044D0001A687B681344054A1360FB68184618374E
:1044E000BD4680BD0050002000040000D80400201C
:1044F0003006002080B400AF00BFBD4680BC7047CE
:10450000FFF7F8FF0B480C490C4A002302E0D4588F
:10451000C4500433C4188C42F9D3094A094C00230F
:1045200001E013600432A242FBD305F023FAFFF747
:10453000F5FB704700000020D801002060C0000893
:10454000D80100202C060020FEE7000080B500AF57
:10455000084B1B68074A43F010031360032000F068
:104560004DFE0F2000F008F8FFF77CFD00231846F1
:1045700080BD00BF0020024080B582B000AF7860EF
:10458000124B1A68124B1B7819464FF47A73B3FB1F
:10459000F1F3B2FBF3F3184600F065FE0346002B7F
:1045A00001D001230EE07B680F2B0AD80022796826
:1045B0004FF0FF3000F02DFE064A7B6813600023A9
:1045C00000E0012318460837BD4680BD04000020E6
:1045D0000C0000200800002080B400AF054B1B78C1
:1045E0001A46054B1B681344034A136000BFBD46BF
:1045F00080BC70470C000020DC04002080B400AFB9
:10460000024B1B681846BD4680BC7047DC04002086
:1046100080B584B000AF7860FFF7F0FFB8607B68CA
:10462000FB60FB68B3F1FF3F05D00A4B1B781A46CD
:10463000FB681344FB6000BFFFF7E0FF0246BB6866
:10464000D31AFA689A42F7D800BF00BF1037BD46A8
:1046500080BD00BF0C00002080B586B000AF786040
:104660000023FB7500233B610023BB600023FB603C
:104670007B68002B01D10123BEE07B689B68002B87
:104680007B689B6A002B09D17B680022DA627B6819
:10469000002283F824207868FFF716FD786800F080
:1046A000F1FB0346FB757B689B6A03F01003002B4C
:1046B00040F09980FB7D002B40F095807B689B6AE1
:1046C00023F4885323F0020343F002027B689A62CA
:1046D0007B685A687B68DB691A437B681B7B5B00DD
:1046E0001343BA681343BB607B689B68B3F5807F54
:1046F00003D07B689B68012B02D14FF4807300E0EC
:1047000000233A6913433B617B681B7D012B19D160
:104710007B681B7B002B09D17B689B69013B5A039B
:104720003B69134343F400633B610BE07B689B6A86
:1047300043F020027B689A627B68DB6A43F00102E7
:104740007B68DA627B681B685B6823F469417B687D
:104750001B683A690A435A607B681B689A68284B51
:1047600013407A681268B9680B4393607B689B6852
:10477000B3F5807F03D07B689B68012B04D17B68F5
:104780001B69013B1B05FB607B681B68DB6A23F42C
:1047900070017B681B68FA680A43DA627B681B68F1
:1047A0009A68184B1340BA689A420BD17B68002272
:1047B000DA627B689B6A23F0030343F001027B68A3
:1047C0009A6218E07B689B6A23F0120343F01002A0
:1047D0007B689A627B68DB6A43F001027B68DA627D
:1047E0000123FB7507E07B689B6A43F010027B683E
:1047F0009A620123FB75FB7D18461837BD4680BDC4
:10480000FDF7E1FFFE0E1FFF80B584B000AF7860BA
:104810000023FB737B6893F82430012B01D1022322
:1048200098E07B68012283F82420786800F0D0FAB1
:104830000346FB73FB7B002B40F087807B689B6A01
:1048400023F4407323F0010343F480727B689A627F
:104850007B681B68414A934205D1414B5B6803F476
:104860007023002B15D17B689B6A23F480127B6830
:104870009A627B681B685B6803F48063002B26D018
:104880007B689B6A23F4405343F480527B689A62AE
:104890001DE07B689B6A43F480127B689A627B68A8
:1048A0001B682F4A934204D07B681B682B4A9342B3
:1048B0000DD12B4B5B6803F48063002B07D07B6822
:1048C0009B6A23F4405343F480527B689A627B686E
:1048D0009B6A03F48053002B06D07B68DB6A23F0CD
:1048E00006027B68DA6202E07B680022DA627B689B
:1048F000002283F824207B681B686FF002021A6094
:104900007B681B689B6803F46023B3F5602F13D1A9
:104910007B681B68114A934205D1114B5B6803F415
:104920007023002B08D17B681B689A687B681B6822
:1049300042F4A0029A600CE07B681B689A687B686E
:104940001B6842F480129A6003E07B68002283F8BF
:104950002420FB7B18461037BD4680BD002801404F
:104960000024014080B584B000AF78600023FB7361
:104970007B6893F82430012B01D102231AE07B6875
:10498000012283F82420786800F07CFA0346FB7348
:10499000FB7B002B09D17B689B6A23F4885323F0AF
:1049A000010343F001027B689A627B68002283F86E
:1049B0002420FB7B18461037BD4680BD90B587B0DC
:1049C00000AF7860396000237B610023FB60002327
:1049D0003B61FFF713FE78617B681B689B6803F4FB
:1049E0008073002B0BD07B689B6A43F020027B68AE
:1049F0009A627B68002283F824200123D3E07B683D
:104A00001B685B6803F48073002B31D17B681B68E3
:104A1000DB6A03F47003002B2AD121E03B68B3F179
:104A2000FF3F1DD03B68002B07D0FFF7E7FD024694
:104A30007B69D31A3A689A4212D27B681B681B685A
:104A400003F00203002B0BD17B689B6A43F0040246
:104A50007B689A627B68002283F824200323A2E00B
:104A60007B681B681B6803F00203002BD6D070E044
:104A70004F4B1C68022002F0D1FD0346B4FBF3F259
:104A80007B681B6819694B4B0B40002B18D17B6866
:104A90001B68D968484B0B40002B11D17B681B6801
:104AA0001969464B0B40002B08D17B681B68D968FD
:104AB000434B0B40002B01D1142320E029231EE09F
:104AC0007B681B6819693D4B0B40002B06D17B6846
:104AD0001B68D9683A4B0B40002B0DD07B681B68D4
:104AE0001969384B0B40002B08D17B681B68D968CB
:104AF000344B0B40002B01D1542300E0FC2302FB7C
:104B000003F33B6121E03B68B3F1FF3F1AD03B6800
:104B1000002B07D0FFF772FD02467B69D31A3A6873
:104B20009A420FD2FB683A699A420BD97B689B6A1A
:104B300043F004027B689A627B68002283F8242099
:104B4000032330E0FB680133FB60FB683A699A425B
:104B5000D9D87B681B686FF012021A607B689B6A69
:104B600043F400727B689A627B681B689B6803F45D
:104B70006023B3F5602F15D17B681B7B002B11D10F
:104B80007B689B6A23F480727B689A627B689B6A6D
:104B900003F48053002B05D17B689B6A43F001022C
:104BA0007B689A62002318461C37BD4690BD00BF43
:104BB000040000202449922424499200922449129E
:104BC000922449004992240080B483B000AF7860F9
:104BD0007B681B68DB6C18460C37BD4680BC704791
:104BE00080B485B000AF786039600023FB73002388
:104BF000BB607B6893F82430012B01D10223DCE0F9
:104C00007B68012283F824203B685B68062B1CD854
:104C10007B681B68596B3B685A6813469B001344BA
:104C2000053B1F2202FA03F3DB4319403B68186877
:104C30003B685A6813469B001344053B00FA03F295
:104C40007B681B680A435A633CE03B685B680C2B3B
:104C50001CD87B681B68196B3B685A6813469B001D
:104C60001344233B1F2202FA03F3DB4319403B6842
:104C700018683B685A6813469B001344233B00FAAC
:104C800003F27B681B680A431A631BE07B681B689E
:104C9000D96A3B685A6813469B001344413B1F2264
:104CA00002FA03F3DB4319403B6818683B685A6813
:104CB00013469B001344413B00FA03F27B681B68D8
:104CC0000A43DA623B681B68092B1CD97B681B68A6
:104CD000D9683B681A6813465B0013441E3B0722E1
:104CE00002FA03F3DB4319403B6898683B681A6893
:104CF00013465B0013441E3B00FA03F27B681B68FB
:104D00000A43DA6019E07B681B6819693B681A6816
:104D100013465B001344072202FA03F3DB431940F6
:104D20003B6898683B681A6813465B00134400FAB6
:104D300003F27B681B680A431A613B681B68102BEF
:104D400003D03B681B68112B32D17B681B681D4A5E
:104D5000934225D17B681B689B6803F40003002BFA
:104D600026D17B681B689A687B681B6842F4000246
:104D70009A603B681B68102B1AD1134B1B68134AAF
:104D8000A2FB03239A0C13469B0013445B00BB60F9
:104D900002E0BB68013BBB60BB68002BF9D107E0B8
:104DA0007B689B6A43F020027B689A620123FB7355
:104DB0007B68002283F82420FB7B18461437BD460D
:104DC00080BC7047002401400400002083DE1B43A8
:104DD00080B584B000AF78600023FB600023BB6027
:104DE0007B681B689B6803F00103012B40D07B6844
:104DF0001B689A687B681B6842F001029A601F4B2F
:104E00001B681F4AA2FB03239B0CBB6002E0BB682C
:104E1000013BBB60BB68002BF9D1FFF7EFFBF860EB
:104E20001FE0FFF7EBFB0246FB68D31A022B18D9F1
:104E30007B681B689B6803F00103012B11D07B6822
:104E40009B6A43F010027B689A627B68DB6A43F0DE
:104E500001027B68DA627B68002283F82420012348
:104E600007E07B681B689B6803F00103012BD8D126
:104E7000002318461037BD4680BD00BF0400002047
:104E800083DE1B4380B584B000AF78600023FB60F5
:104E90007B681B689B6803F00103012B2ED17B68A4
:104EA0001B689A687B681B6822F001029A60FFF712
:104EB000A5FBF8601BE0FFF7A1FB0246FB68D31AD5
:104EC000022B14D97B681B689B6803F00103012B3C
:104ED0000DD17B689B6A43F010027B689A627B6805
:104EE000DB6A43F001027B68DA62012307E07B683A
:104EF0001B689B6803F00103012BDCD000231846DC
:104F00001037BD4680BD000090B587B000AF786017
:104F10000023FB750023FB607B6893F82430012B92
:104F200001D1022397E07B68012283F8242078686E
:104F3000FFF7A8FF0346FB757868FFF749FF0346B4
:104F4000FB75FB7D002B40F081807B689B6A23F41E
:104F5000885323F0020343F002027B689A62404BBD
:104F60001C68022002F05AFB0346B4FBF3F35B001B
:104F7000FB6002E0FB68013BFB60FB68002BF9D1A2
:104F80007B681B689A687B681B6842F008029A601D
:104F9000FFF734FB38611BE0FFF730FB02463B694B
:104FA000D31A0A2B14D97B681B689B6803F008038B
:104FB000002B0DD07B689B6A23F0120343F0100294
:104FC0007B689A627B68002283F82420012342E0F8
:104FD0007B681B689B6803F00803002BDCD17B68AF
:104FE0001B689A687B681B6842F004029A60FFF7AE
:104FF00005FB38611BE0FFF701FB02463B69D31A52
:105000000A2B14D97B681B689B6803F00403002BF0
:105010000DD07B689B6A23F0120343F010027B687B
:105020009A627B68002283F82420012313E07B68C6
:105030001B689B6803F00403002BDCD17B689B6A30
:1050400023F0030343F001027B689A627B6800222D
:1050500083F82420FB7D18461C37BD4690BD00BF59
:105060000400002080B485B000AF78607B6803F056
:105070000703FB600C4BDB68BB60BA684FF6FF03AD
:105080001340BB60FB681A02BB68134343F0BF6365
:1050900043F40033BB60044ABB68D36000BF1437DD
:1050A000BD4680BC704700BF00ED00E080B400AF9B
:1050B000044BDB681B0A03F007031846BD4680BC9F
:1050C000704700BF00ED00E080B483B000AF03463E
:1050D000FB7197F90730002B0BDBFB7903F01F0204
:1050E000064997F907305B09012000FA02F241F8FE
:1050F000232000BF0C37BD4680BC704700E100E0B4
:1051000080B483B000AF03463960FB7197F9073074
:10511000002B0ADB3B68DAB20C4997F90730120121
:10512000D2B20B4483F800230AE03B68DAB20849A4
:10513000FB7903F00F03043B1201D2B20B441A7641
:1051400000BF0C37BD4680BC704700BF00E100E0E7
:1051500000ED00E080B489B000AFF860B9607A601B
:10516000FB6803F00703FB61FB69C3F10703042B32
:1051700028BF0423BB61FB690433062B02D9FB69FA
:10518000033B00E000237B614FF0FF32BB6902FA72
:1051900003F3DA43BB681A407B699A404FF0FF3152
:1051A0007B6901FA03F3D9437B680B40134318462C
:1051B0002437BD4680BC704780B582B000AF7860B0
:1051C0007B68013BB3F1807F01D301230FE00A4AE2
:1051D0007B68013B53600F214FF0FF30FFF790FFDA
:1051E000054B00229A60044B07221A6000231846E0
:1051F0000837BD4680BD00BF10E000E080B582B03A
:1052000000AF78607868FFF72DFF00BF0837BD4614
:1052100080BD80B586B000AF0346B9607A60FB738D
:1052200000237B61FFF742FF78617A68B96878698B
:10523000FFF790FF024697F90F3011461846FFF727
:105240005FFF00BF1837BD4680BD80B582B000AF9C
:105250000346FB7197F907301846FFF735FF00BF8B
:105260000837BD4680BD80B582B000AF78607868F1
:10527000FFF7A2FF034618460837BD4680BD80B43D
:1052800085B000AF78600023FB737B6893F8213012
:10529000DBB2022B08D07B6804229A637B68002271
:1052A00083F82020012320E07B681B681A687B6854
:1052B0001B6822F00E021A607B681B681A687B6804
:1052C0001B6822F001021A607B681A6C7B68DB6B3A
:1052D000012101FA02F25A607B68012283F8212041
:1052E0007B68002283F82020FB7B18461437BD46DC
:1052F00080BC704780B584B000AF78600023FB733A
:105300007B6893F82130DBB2022B05D07B68042246
:105310009A630123FB7351E07B681B681A687B6802
:105320001B6822F00E021A607B681B681A687B6893
:105330001B6822F001021A607B681B68224A9342B4
:1053400029D07B681B68214A934222D07B681B6866
:105350001F4A93421AD07B681B681E4A934212D0A0
:105360007B681B681C4A93420AD07B681B681B4AF7
:10537000934202D14FF480130EE04FF080730BE0A4
:105380004FF4803308E04FF4805305E04FF480730E
:1053900002E0102300E00123114A53607B680122E0
:1053A00083F821207B68002283F820207B685B6BD8
:1053B000002B03D07B685B6B78689847FB7B1846B3
:1053C0001037BD4680BD00BF080002401C000240EF
:1053D0003000024044000240580002406C0002408D
:1053E0000000024080B483B000AF78607B689B6BA4
:1053F00018460C37BD4680BC7047000080B48BB0A7
:1054000000AF7860396000237B6200233B6269E172
:1054100001227B6A02FA03F3FB613B681B68FA69AD
:105420001340BB61BA69FB699A4240F058813B68FE
:105430005B689A4A93425ED0984A934275D8984ADC
:10544000934258D0964A93426FD8964A934252D08C
:10545000944A934269D8944A93424CD0924A9342D8
:1054600063D8924A934246D0904A93425DD8122B19
:105470002AD8122B59D801A252F823F0F754000869
:10548000D1540008E3540008255500082B550008A6
:105490002B5500082B5500082B5500082B550008EC
:1054A0002B5500082B5500082B5500082B550008DC
:1054B0002B5500082B5500082B5500082B550008CC
:1054C000D9540008ED540008794A934213D02CE0D7
:1054D0003B68DB683B6229E03B68DB6804333B6286
:1054E00024E03B68DB6808333B621FE03B68DB6815
:1054F0000C333B621AE03B689B68002B02D104230B
:105500003B6213E03B689B68012B05D108233B629B
:105510007B68FA691A6109E008233B627B68FA69D3
:105520005A6103E000233B6200E000BFBB69FF2B30
:1055300001D87B6801E07B6804337B61BB69FF2B8A
:1055400002D87B6A9B0002E07B6A083B9B003B61C0
:105550007B691A680F213B6901FA03F3DB431A40A8
:10556000396A3B6901FA03F31A437B691A603B68A5
:105570005B6803F08053002B00F0B1804D4B9B69BA
:105580004C4A43F0010393614A4B9B6903F00103CA
:10559000BB60BB68484A7B6A9B08023352F82330E1
:1055A000FB607B6A03F003039B000F2202FA03F304
:1055B000DB43FA681340FB607B68404A934213D098
:1055C0007B683F4A93420DD07B683E4A934207D0A6
:1055D0007B683D4A934201D1032306E0042304E0A3
:1055E000022302E0012300E000237A6A02F00302B2
:1055F00092009340FA681343FB602F497B6A9B0833
:105600000233FA6841F823203B685B6803F4801397
:10561000002B06D02D4B9A682C49BB6913438B6035
:1056200006E02A4B9A68BB69DB43284913408B602C
:105630003B685B6803F40013002B06D0234BDA6849
:105640002249BB691343CB6006E0204BDA68BB6993
:10565000DB431E491340CB603B685B6803F40033B7
:10566000002B06D0194B5A681849BB6913434B608D
:1056700006E0164B5A68BB69DB43144913404B6084
:105680003B685B6803F48033002B21D00F4B1A6812
:105690000E49BB6913430B6021E000BF00003210CC
:1056A0000000311000002210000021100000121034
:1056B00000001110001002400000014000080140ED
:1056C000000C0140001001400014014000040140A2
:1056D0000B4B1A68BB69DB43094913400B607B6ABB
:1056E00001337B623B681A687B6A22FA03F3002B62
:1056F0007FF48EAE00BF00BF2C37BD4680BC704724
:105700000004014080B489B000AF786039600023A4
:10571000FB619AE00122FB6902FA03F33A68134045
:10572000BB61BB69002B00F08D804E4AFB699B0872
:10573000023352F823307B61FB6903F003039B00C3
:105740000F2202FA03F37A6913407B617B68464AB1
:10575000934213D07B68454A93420DD07B68444AFC
:10576000934207D07B68434A934201D1032306E06A
:10577000042304E0022302E0012300E00023FA698D
:1057800002F00302920093407A699A4232D13A4B76
:105790001A68BB69DB43384913400B60364B5A68C3
:1057A000BB69DB43344913404B60334BDA68BB6958
:1057B000DB4331491340CB602F4B9A68BB69DB4315
:1057C0002D4913408B60FB6903F003039B000F22FC
:1057D00002FA03F37B61234AFB699B08023352F808
:1057E00023107B69DA431F48FB699B080A40023398
:1057F00040F82320BB69FF2B01D87B6801E07B6860
:1058000004333B61BB69FF2B02D8FB699B0002E0BC
:10581000FB69083B9B00FB603B691A680F21FB6832
:1058200001FA03F3DB431A400421FB6801FA03F396
:105830001A433B691A607B68DA68BB69DB431A402C
:105840007B68DA60FB690133FB613A68FB6922FA25
:1058500003F3002B7FF45EAF00BF00BF2437BD46CB
:1058600080BC70470000014000080140000C01406E
:1058700000100140001401400004014080B485B0D4
:1058800000AF78600B467B807B689A687B8813400A
:10589000002B02D00123FB7301E00023FB73FB7B91
:1058A00018461437BD4680BC704780B483B000AF43
:1058B00078600B467B8013467B707B78002B03D08F
:1058C0007A887B681A6103E07B881A047B681A6116
:1058D00000BF0C37BD4680BC7047000080B584B067
:1058E00000AF78607B68002B01D101232BE17B683E
:1058F00093F83D30DBB2002B06D17B68002283F8A1
:105900003C207868FEF71CFC7B68242283F83D204D
:105910007B681B681A687B681B6822F001021A60AA
:105920007B681B681A687B681B6842F400421A6037
:105930007B681B681A687B681B6822F400421A6047
:1059400001F056FDF8607B685B68814A934207D896
:10595000FB68804A934294BF01230023DBB206E038
:10596000FB687D4A934294BF01230023DBB2002BE6
:1059700001D00123E7E0FB68784AA2FB03239B0CDC
:10598000BB607B681B685B6823F03F017B681B681A
:10599000BA680A435A607B681B681B6A23F03F01A0
:1059A0007B685B686A4A934202D8BB68013309E0AE
:1059B000BB684FF4967202FB03F3694AA2FB032310
:1059C0009B0901337A6812680B4313627B681B687A
:1059D000DB6923F44F4222F0FF027B685B685C497D
:1059E0008B4219D8FB68591E7B685B685B00B1FB72
:1059F000F3F3591C40F6FC730B40002B0AD0FB68F4
:105A0000591E7B685B685B00B1FBF3F30133C3F3A2
:105A10000B0351E004234FE07B689B68002B11D1FE
:105A2000FB68581E7B6859680B465B000B44B0FB53
:105A3000F3F30133C3F30B03002B0CBF012300234B
:105A4000DBB212E0FB68581E7B6859680B469B006E
:105A50000B4499000B44B0FBF3F30133C3F30B0386
:105A6000002B0CBF01230023DBB2002B01D001234C
:105A700022E07B689B68002B0ED1FB68581E7B6878
:105A800059680B465B000B44B0FBF3F30133C3F3DF
:105A90000B0343F400430FE0FB68581E7B68596812
:105AA0000B469B000B4499000B44B0FBF3F301330E
:105AB000C3F30B0343F44043796809681343CB6194
:105AC0007B681B681B6823F0C0017B68DA697B6810
:105AD0001B6A1A437B681B680A431A607B681B6851
:105AE0009B6823F4034323F0FF037A6811697A6803
:105AF000D26811437A6812680B4393607B681B6815
:105B0000DB6823F0FF017B685A697B689B691A4355
:105B10007B681B680A43DA607B681B681A687B68CD
:105B20001B6842F001021A607B6800221A647B68DD
:105B3000202283F83D207B6800221A637B680022C4
:105B400083F83E20002318461037BD4680BD00BFB5
:105B5000A08601007F841E00FF083D0083DE1B43FA
:105B6000D34D621080B582B000AF78607B68002BA7
:105B700001D1012321E07B68242283F83D207B684A
:105B80001B681A687B681B6822F001021A6078683B
:105B9000FEF714FB7B6800221A647B68002283F8FE
:105BA0003D207B6800221A637B68002283F83E2038
:105BB0007B68002283F83C20002318460837BD4646
:105BC00080BD000080B588B002AFF8607A601A46E8
:105BD0000B467B8113463B81FEF710FD7861FB6825
:105BE00093F83D30DBB2202B40F0E0807B690093DE
:105BF000192301227049F86800F0EEFD0346002BDE
:105C000001D00223D3E0FB6893F83C30012B01D193
:105C10000223CCE0FB68012283F83C20FB681B6870
:105C20001B6803F00103012B07D0FB681B681A688F
:105C3000FB681B6842F001021A60FB681B681A6867
:105C4000FB681B6822F400621A60FB68212283F85B
:105C50003D20FB68102283F83E20FB6800221A6476
:105C6000FB687A685A62FB683A895A85FB685B8DE3
:105C70009AB2FB681A85FB68504ADA6279897B69B7
:105C80003A6AF86800F03EFC0346002B01D001237D
:105C90008DE000233B61FB681B685B693B61FB682F
:105CA0001B689B693B613B6966E07A69396AF86801
:105CB00000F0ACFE0346002B0DD0FB681B6C042BE0
:105CC00007D1FB681B681A68FB681B6842F4007206
:105CD0001A6001236BE0FB685B6A1A78FB681B683B
:105CE0001A61FB685B6A5A1CFB685A62FB685B8D31
:105CF0009BB2013B9AB2FB685A85FB681B8D013B46
:105D00009AB2FB681A85FB681B685B6903F00403A1
:105D1000042B1BD1FB681B8D002B17D0FB685B6A23
:105D20001A78FB681B681A61FB685B6A5A1CFB687F
:105D30005A62FB685B8D9BB2013B9AB2FB685A8545
:105D4000FB681B8D013B9AB2FB681A857A69396A38
:105D5000F86800F0A3FE0346002B0DD0FB681B6C17
:105D6000042B07D1FB681B681A68FB681B6842F4A8
:105D700000721A6001231AE0FB681B8D002B94D17E
:105D8000FB681B681A68FB681B6842F400721A60A3
:105D9000FB68202283F83D20FB68002283F83E2028
:105DA000FB68002283F83C20002300E00223184611
:105DB0001837BD4680BD00BF020010000000FFFF85
:105DC00080B58CB002AFF860084611461A4603460B
:105DD0007B810B463B811346FB8000233B62FEF731
:105DE0000DFC7862FB6893F83D30DBB2202B40F06D
:105DF00050827B6A0093192301228249F86800F0DF
:105E0000EBFC0346002B01D0022343E2FB6893F82E
:105E10003C30012B01D102233CE2FB68012283F8D4
:105E20003C20FB681B681B6803F00103012B07D0B3
:105E3000FB681B681A68FB681B6842F001021A6065
:105E4000FB681B681A68FB681B6822F400621A6012
:105E5000FB68222283F83D20FB68402283F83E2025
:105E6000FB6800221A64FB683A6B5A62FB68BA8EC0
:105E70005A85FB685B8D9AB2FB681A85FB68624A9B
:105E8000DA62F8883A8979897B6A0193BB6B00935F
:105E90000346F86800F0B8FB0346002B01D001234D
:105EA000F8E1FB681B8D002B13D10023FB61FB681D
:105EB0001B685B69FB61FB681B689B69FB61FB6995
:105EC000FB681B681A68FB681B6842F400721A6062
:105ED000CCE1FB681B8D012B1ED1FB681B681A6887
:105EE000FB681B6822F480621A6072B600BF002350
:105EF000BB61FB681B685B69BB61FB681B689B69D6
:105F0000BB61BB69FB681B681A68FB681B6842F4CD
:105F100000721A6062B635E0FB681B8D022B1ED141
:105F2000FB681B681A68FB681B6842F400621A6011
:105F300072B600BF00237B61FB681B685B697B61F5
:105F4000FB681B689B697B617B69FB681B681A683F
:105F5000FB681B6822F480621A6062B612E0FB687C
:105F60001B681A68FB681B6842F480621A60002391
:105F70003B61FB681B685B693B61FB681B689B6955
:105F80003B613B6972E1FB681B8D032B00F21F81B3
:105F9000FB681B8D012B23D17A6AB96BF86800F07E
:105FA000C5FD0346002B01D0012373E1FB681B688C
:105FB0001A69FB685B6AD2B21A70FB685B6A5A1C8A
:105FC000FB685A62FB681B8D013B9AB2FB681A851D
:105FD000FB685B8D9BB2013B9AB2FB685A8545E139
:105FE000FB681B8D022B52D17B6A0093BB6B002296
:105FF0000649F86800F0F0FB0346002B08D00123A7
:1060000048E100BF020010000000FFFF0400010093
:1060100072B600BFFB681B681A68FB681B6842F415
:1060200000721A60FB681B681A69FB685B6AD2B26F
:106030001A70FB685B6A5A1CFB685A62FB681B8D0E
:10604000013B9AB2FB681A85FB685B8D9BB2013BF2
:106050009AB2FB685A8562B600BFFB681B681A6972
:10606000FB685B6AD2B21A70FB685B6A5A1CFB68F9
:106070005A62FB681B8D013B9AB2FB681A85FB686C
:106080005B8D9BB2013B9AB2FB685A85EEE07B6A5E
:106090000093BB6B00228149F86800F09DFB03462A
:1060A000002B01D00123F5E0FB681B681A68FB6830
:1060B0001B6822F480621A6072B600BFFB681B681E
:1060C0001A69FB685B6AD2B21A70FB685B6A5A1C79
:1060D000FB685A62FB681B8D013B9AB2FB681A850C
:1060E000FB685B8D9BB2013B9AB2FB685A856C4B97
:1060F0001B68DB086B4AA2FB03231A0A13469B00AA
:106100001344DA00D31A3B623B6A013B3B623B6AB1
:10611000002B18D1FB6800221A63FB68202283F849
:106120003D20FB68002283F83E20FB681B6C43F097
:106130002002FB681A6462B600BFFB68002283F885
:106140003C200123A6E0FB681B685B6903F00403A5
:10615000042BD9D1FB681B681A68FB681B6842F4E2
:1061600000721A60FB681B681A69FB685B6AD2B22E
:106170001A70FB685B6A5A1CFB685A62FB681B8DCD
:10618000013B9AB2FB681A85FB685B8D9BB2013BB1
:106190009AB2FB685A8562B600BFFB681B681A6931
:1061A000FB685B6AD2B21A70FB685B6A5A1CFB68B8
:1061B0005A62FB681B8D013B9AB2FB681A85FB682B
:1061C0005B8D9BB2013B9AB2FB685A854EE07A6ABE
:1061D000B96BF86800F0AAFC0346002B01D001233C
:1061E00058E0FB681B681A69FB685B6AD2B21A70D8
:1061F000FB685B6A5A1CFB685A62FB681B8D013B9B
:106200009AB2FB681A85FB685B8D9BB2013B9AB220
:10621000FB685A85FB681B685B6903F00403042B69
:1062200024D1FB681B8D032B07D1FB681B681A6800
:10623000FB681B6822F480621A60FB681B681A699D
:10624000FB685B6AD2B21A70FB685B6A5A1CFB6817
:106250005A62FB681B8D013B9AB2FB681A85FB688A
:106260005B8D9BB2013B9AB2FB685A85FB681B8D24
:10627000002B7FF488AEFB68202283F83D20FB686A
:10628000002283F83E20FB68002283F83C20002394
:1062900000E0022318462837BD4680BD04000100F7
:1062A0000400002089B5F81480B58AB002AFF86008
:1062B0007A603B600B467B81FEF7A0F9F861002312
:1062C000BB61FB6893F83D30DBB2202B40F01181BD
:1062D000FB690093192301228849F86800F07CFAD1
:1062E0000346002B01D0022304E1FB6893F83C3005
:1062F000012B01D10223FDE0FB68012283F83C2041
:10630000FB681B681B6803F00103012B07D0FB68C7
:106310001B681A68FB681B6842F001021A60FB6880
:106320001B681A68FB681B6822F400621A60FB682D
:10633000242283F83D20FB6800221A64FB68704A1F
:10634000DA62FB681B681A68FB681B6842F480729B
:106350001A60FB6900933B6800224FF00111F86856
:1063600000F03AFA0346002B0DD0FB681B681B684F
:1063700003F48073B3F5807F03D1FB684FF40072A0
:106380001A640323B6E07B89DBB21A46FB681B68FC
:1063900002F0FE021A61FEF731F9F861FB681B6832
:1063A0005B6903F00203022B0CBF01230023DBB265
:1063B000FB75FB681B685B6903F48063B3F5806F52
:1063C0000CBF01230023DBB2BB7525E0FEF716F9F5
:1063D0000246FB69D31A3A689A4202D33B68002B03
:1063E00003D1FB68A02283F83D20FB681B685B6932
:1063F00003F00203022B0CBF01230023DBB2FB7569
:10640000FB681B685B6903F48063B3F5806F0CBFA6
:1064100001230023DBB2BB75FB6893F83D30DBB290
:10642000A02B05D0FB7D002B02D1BB7D002BCDD056
:10643000FB68202283F83D20FB681B685B6903F042
:106440000203022B29D1FB681B681A68FB681B68D2
:1064500042F400721A6000233B61FB681B685B69B1
:106460003B61FB681B689B693B613B69FB6900936F
:10647000192301222149F86800F0AEF90346002BE8
:1064800001D0012336E0FB68202283F83D20FB6821
:10649000002283F83C2000232CE0FB681B681A686C
:1064A000FB681B6842F400721A60FB681B686FF49B
:1064B00080625A61FB690093192301220F49F86831
:1064C00000F08AF90346002B01D0012312E0BB69DA
:1064D0000133BB61BA697B689A42FFF432AFFB6853
:1064E000202283F83D20FB68002283F83C20012312
:1064F00000E0022318462037BD4680BD0200100090
:106500000000FFFF80B588B002AFF8607A603B60A2
:106510000B467B81FB68DB6A7B617B69082B06D0BD
:106520007B69012B03D07B6913F5803F08D1FB68A1
:106530001B681A68FB681B6842F480721A600BE0E3
:10654000FB681B6B122B07D1FB681B681A68FB6882
:106550001B6842F480721A603B6800937B680022DB
:106560004FF00111F86800F037F90346002B0DD009
:10657000FB681B681B6803F48073B3F5807F03D14D
:10658000FB684FF400721A64032335E0FB681B6953
:10659000B3F5804F08D17B89DBB21A46FB681B68D4
:1065A00002F0FE021A611BE07B89DB11DBB203F013
:1065B0000603DBB263F00F03DAB2FB681B681A61F3
:1065C0003B687A680E49F86800F080F90346002BB2
:1065D00001D0012310E07B89DAB2FB681B681A61E5
:1065E0003B687A680749F86800F070F90346002BA9
:1065F00001D0012300E0002318461837BD4680BDB6
:10660000080001000200010080B588B002AFF86008
:10661000084611461A4603467B810B463B811346CA
:10662000FB80FB681B681A68FB681B6842F4806289
:106630001A60FB681B681A68FB681B6842F480726A
:106640001A607B6A00933B6A00224FF00111F868E0
:1066500000F0C2F80346002B0DD0FB681B681B68D6
:1066600003F48073B3F5807F03D1FB684FF40072AD
:106670001A640323AAE07B89DBB21A46FB681B6815
:1066800002F0FE021A617B6A3A6A5249F86800F029
:106690001DF90346002B01D0012397E000237B6105
:1066A000FB681B685B697B61FB681B689B697B619E
:1066B0007B697A6A396AF86800F0A8F90346002B0A
:1066C0000DD0FB681B6C042B07D1FB681B681A6894
:1066D000FB681B6842F400721A60012376E0FB88B5
:1066E000012B05D13B89DAB2FB681B681A6121E0F6
:1066F0003B891B0A9BB2DAB2FB681B681A617A6A93
:10670000396AF86800F082F90346002B0DD0FB6867
:106710001B6C042B07D1FB681B681A68FB681B689D
:1067200042F400721A60012350E03B89DAB2FB6840
:106730001B681A617A6A396AF86800F067F90346DB
:10674000002B0DD0FB681B6C042B07D1FB681B686A
:106750001A68FB681B6842F400721A60012335E076
:10676000FB681B681A68FB681B6842F480721A6039
:106770007B6A00933B6A00224FF00111F86800F039
:106780002BF80346002B0DD0FB681B681B6803F435
:106790008073B3F5807F03D1FB684FF400721A64F5
:1067A000032313E07B89DBB243F00103DAB2FB6819
:1067B0001B681A617B6A3A6A0649F86800F086F835
:1067C0000346002B01D0012300E0002318461837B0
:1067D000BD4680BD0200010080B584B000AFF86006
:1067E000B9603B601346FB7148E03B68B3F1FF3F83
:1067F00044D0FDF703FF0246BB69D31A3A689A42B8
:1068000002D33B68002B39D1BB681B0CDBB2012BD8
:106810000DD1FB681B685B69DA43BB6813409BB210
:10682000002B0CBF01230023DBB21A460CE0FB68EF
:106830001B689B69DA43BB6813409BB2002B0CBFFB
:1068400001230023DBB21A46FB799A4216D1FB687A
:1068500000221A63FB68202283F83D20FB68002297
:1068600083F83E20FB681B6C43F02002FB681A642F
:10687000FB68002283F83C20012323E0BB681B0C4B
:10688000DBB2012B0DD1FB681B685B69DA43BB6887
:1068900013409BB2002B0CBF01230023DBB21A462E
:1068A0000CE0FB681B689B69DA43BB6813409BB232
:1068B000002B0CBF01230023DBB21A46FB799A425E
:1068C00093D0002318461037BD4680BD80B584B0F4
:1068D00000AFF860B9607A603B6071E0FB681B68EC
:1068E0005B6903F48063B3F5806F23D1FB681B6899
:1068F0001A68FB681B6842F400721A60FB681B6828
:106900006FF480625A61FB6800221A63FB682022E0
:1069100083F83D20FB68002283F83E20FB681B6C57
:1069200043F00402FB681A64FB68002283F83C20F1
:10693000012367E07B68B3F1FF3F41D0FDF75EFEC6
:1069400002463B68D31A7A689A4202D37B68002BCE
:1069500036D1BB681B0CDBB2012B0CD1FB681B686A
:106960005B69DA43BB6813409BB2002B14BF012361
:106970000023DBB20BE0FB681B689B69DA43BB6852
:1069800013409BB2002B14BF01230023DBB2002B6A
:1069900016D0FB6800221A63FB68202283F83D2092
:1069A000FB68002283F83E20FB681B6C43F020024A
:1069B000FB681A64FB68002283F83C20012321E075
:1069C000BB681B0CDBB2012B0CD1FB681B685B693D
:1069D000DA43BB6813409BB2002B14BF0123002392
:1069E000DBB20BE0FB681B689B69DA43BB681340B2
:1069F0009BB2002B14BF01230023DBB2002B7FF4DA
:106A00006DAF002318461037BD4680BD80B584B0F9
:106A100000AFF860B9607A6034E0F86800F0E3F83D
:106A20000346002B01D0012334E0BB68B3F1FF3FE4
:106A300028D0FDF7E3FD02467B68D31ABA689A4274
:106A400002D3BB68002B1DD1FB681B685B6903F098
:106A50008003802B16D0FB6800221A63FB6820227B
:106A600083F83D20FB68002283F83E20FB681B6C06
:106A700043F02002FB681A64FB68002283F83C2084
:106A8000012307E0FB681B685B6903F08003802B30
:106A9000C3D1002318461037BD4680BD80B584B0F1
:106AA00000AFF860B9607A6034E0F86800F09BF8F5
:106AB0000346002B01D0012334E0BB68B3F1FF3F54
:106AC00028D0FDF79BFD02467B68D31ABA689A422C
:106AD00002D3BB68002B1DD1FB681B685B6903F008
:106AE0000403042B16D0FB6800221A63FB682022E3
:106AF00083F83D20FB68002283F83E20FB681B6C76
:106B000043F02002FB681A64FB68002283F83C20F3
:106B1000012307E0FB681B685B6903F00403042B97
:106B2000C3D1002318461037BD4680BD80B584B060
:106B300000AFF860B9607A6049E0FB681B685B6988
:106B400003F01003102B19D1FB681B686FF01002C3
:106B50005A61FB6800221A63FB68202283F83D20FB
:106B6000FB68002283F83E20FB681A6CFB681A64FD
:106B7000FB68002283F83C20012330E0FDF73EFD56
:106B800002467B68D31ABA689A4202D3BB68002BCC
:106B90001DD1FB681B685B6903F04003402B16D0D6
:106BA000FB6800221A63FB68202283F83D20FB6803
:106BB000002283F83E20FB681B6C43F02002FB6838
:106BC0001A64FB68002283F83C20012307E0FB687D
:106BD0001B685B6903F04003402BAED100231846CD
:106BE0001037BD4680BD80B483B000AF78607B684D
:106BF0001B685B6903F48063B3F5806F1BD17B680E
:106C00001B686FF480625A617B6800221A637B689C
:106C1000202283F83D207B68002283F83E207B6899
:106C20001B6C43F004027B681A647B68002283F8C3
:106C30003C20012300E0002318460C37BD4680BCF1
:106C40007047000080B586B000AF78607B68002B8D
:106C500001D1012372E27B681B6803F00103002B62
:106C600000F08780924B5B6803F00C03042B0CD080
:106C70008F4B5B6803F00C03082B12D18C4B5B68C5
:106C800003F48033B3F5803F0BD1894B1B6803F4C9
:106C90000033002B6CD07B685B68002B68D101232C
:106CA0004CE27B685B68B3F5803F06D1804B1B6884
:106CB0007F4A43F4803313602EE07B685B68002BCF
:106CC0000CD17B4B1B687A4A23F480331360784BDA
:106CD0001B68774A23F4802313601DE07B685B68A0
:106CE000B3F5A02F0CD1724B1B68714A43F480237B
:106CF00013606F4B1B686E4A43F4803313600BE0E4
:106D00006B4B1B686A4A23F480331360684B1B6823
:106D1000674A23F4802313607B685B68002B13D0E1
:106D2000FDF76CFC386108E0FDF768FC02463B6942
:106D3000D31A642B01D9032300E25D4B1B6803F4D3
:106D40000033002BF0D014E0FDF758FC386108E068
:106D5000FDF754FC02463B69D31A642B01D9032387
:106D6000ECE1534B1B6803F40033002BF0D100E03F
:106D700000BF7B681B6803F00203002B63D04C4B01
:106D80005B6803F00C03002B0BD0494B5B6803F0EE
:106D90000C03082B1CD1464B5B6803F48033002B9B
:106DA00016D1434B1B6803F00203002B05D07B6810
:106DB0001B69012B01D00123C0E13D4B1B6823F06F
:106DC000F8027B685B69DB00394913430B603AE0EA
:106DD0007B681B69002B20D0364B01221A60FDF71F
:106DE0000DFC386108E0FDF709FC02463B69D31A47
:106DF000022B01D90323A1E12D4B1B6803F00203F1
:106E0000002BF0D02A4B1B6823F0F8027B685B69EB
:106E1000DB00274913430B6015E0264B00221A6064
:106E2000FDF7ECFB386108E0FDF7E8FB02463B6943
:106E3000D31A022B01D9032380E11D4B1B6803F0F9
:106E40000203002BF0D17B681B6803F00803002BC2
:106E50003AD07B689B69002B19D0174B01221A602E
:106E6000FDF7CCFB386108E0FDF7C8FB02463B6943
:106E7000D31A022B01D9032360E10D4B5B6A03F0A7
:106E80000203002BF0D0012000F0EEFA1CE00A4BC8
:106E900000221A60FDF7B2FB38610FE0FDF7AEFB90
:106EA00002463B69D31A022B08D9032346E100BFEF
:106EB000001002400000424280044242924B5B6A52
:106EC00003F00203002BE9D17B681B6803F0040385
:106ED000002B00F0A6800023FB758B4BDB6903F0D1
:106EE0008053002B0DD1884BDB69874A43F08053D8
:106EF000D361854BDB6903F08053BB60BB68012322
:106F0000FB75824B1B6803F48073002B18D17F4BF9
:106F10001B687E4A43F480731360FDF76FFB386192
:106F200008E0FDF76BFB02463B69D31A642B01D9DD
:106F3000032303E1754B1B6803F48073002BF0D02F
:106F40007B68DB68012B06D16F4B1B6A6E4A43F0EE
:106F5000010313622DE07B68DB68002B0CD16A4BC8
:106F60001B6A694A23F001031362674B1B6A664A76
:106F700023F0040313621CE07B68DB68052B0CD153
:106F8000614B1B6A604A43F0040313625E4B1B6A49
:106F90005D4A43F0010313620BE05B4B1B6A5A4AE4
:106FA00023F001031362584B1B6A574A23F0040372
:106FB00013627B68DB68002B15D0FDF71FFB38617F
:106FC0000AE0FDF71BFB02463B69D31A41F2883207
:106FD000934201D90323B1E04B4B1B6A03F0020338
:106FE000002BEED014E0FDF709FB38610AE0FDF755
:106FF00005FB02463B69D31A41F28832934201D91C
:1070000003239BE0404B1B6A03F00203002BEED1ED
:10701000FB7D012B05D13C4BDB693B4A23F08053C0
:10702000D3617B68DB69002B00F08780364B5B689F
:1070300003F00C03082B61D07B68DB69022B46D17F
:10704000334B00221A60FDF7D9FA386108E0FDF7EA
:10705000D5FA02463B69D31A022B01D903236DE00E
:10706000294B1B6803F00073002BF0D17B681B6A6F
:10707000B3F5803F08D1244B5B6823F400327B6872
:107080009B68214913434B601F4B5B6823F47412C8
:107090007B68196A7B685B6A0B431B4913434B602F
:1070A0001B4B01221A60FDF7A9FA386108E0FDF7D1
:1070B000A5FA02463B69D31A022B01D903233DE00E
:1070C000114B1B6803F00073002BF0D035E0104B20
:1070D00000221A60FDF792FA386108E0FDF78EFA97
:1070E00002463B69D31A022B01D9032326E0064B43
:1070F0001B6803F00073002BF0D11EE07B68DB6996
:10710000012B07D1012319E000100240007000405C
:10711000600042420B4B5B68FB60FB6803F480320B
:107120007B681B6A9A4206D1FB6803F470127B6885
:107130005B6A9A4201D0012300E000231846183709
:10714000BD4680BD0010024080B584B000AF7860BD
:1071500039607B68002B01D10123D0E06A4B1B68AA
:1071600003F007033A689A4210D9674B1B6823F073
:10717000070265493B6813430B60634B1B6803F0D0
:1071800007033A689A4201D00123B8E07B681B6884
:1071900003F00203002B20D07B681B6803F004037C
:1071A000002B05D0594B5B68584A43F4E0635360A9
:1071B0007B681B6803F00803002B05D0534B5B680A
:1071C000524A43F460535360504B5B6823F0F00223
:1071D0007B689B684D4913434B607B681B6803F0D9
:1071E0000103002B40D07B685B68012B07D1474B24
:1071F0001B6803F40033002B15D101237FE07B686B
:107200005B68022B07D1414B1B6803F00073002B16
:1072100009D1012373E03D4B1B6803F00203002BEF
:1072200001D101236BE0394B5B6823F003027B68DB
:107230005B68364913434B60FDF7E0F9F8600AE0FC
:10724000FDF7DCF90246FB68D31A41F2883293421B
:1072500001D9032353E02D4B5B6803F00C027B68DC
:107260005B689B009A42EBD1274B1B6803F0070336
:107270003A689A4210D2244B1B6823F00702224935
:107280003B6813430B60204B1B6803F007033A680D
:107290009A4201D0012332E07B681B6803F00403AB
:1072A000002B08D0194B5B6823F4E0627B68DB6835
:1072B000164913434B607B681B6803F00803002BDF
:1072C00009D0124B5B6823F460527B681B69DB00BA
:1072D0000E4913434B6000F02DF802460B4B5B68E0
:1072E0001B0903F00F030A49CB5C22FA03F3094A96
:1072F0001360094B1B681846FDF73EF9002318463A
:107300001037BD4680BD00BF002002400010024083
:10731000A4BC0008040000200800002080B400AFD6
:10732000034B01221A6000BFBD4680BC704700BFFE
:107330004C00424280B487B000AF0023FB600023C2
:10734000BB6000237B6100237B6000233B611E4BFD
:107350005B68FB60FB6803F00C03042B02D0082B76
:1073600003D027E0194B3B6127E0FB689B0C03F03F
:107370000F03174AD35C7B60FB6803F48033002B58
:1073800010D0114B5B685B0C03F00103114AD35C16
:10739000BB607B680D4A03FB02F2BB68B2FBF3F3F0
:1073A0007B6104E07B680C4A02FB03F37B617B6931
:1073B0003B6102E0054B3B6100BF3B6918461C374F
:1073C000BD4680BC704700BF0010024000127A002A
:1073D000BCBC0008CCBC000800093D0080B400AF74
:1073E000024B1B681846BD4680BC70470400002055
:1073F00080B500AFFFF7F2FF0246054B5B681B0A42
:1074000003F007030349CB5C22FA03F3184680BD5F
:1074100000100240B4BC000880B500AFFFF7DEFFEB
:107420000246054B5B68DB0A03F007030349CB5CAC
:1074300022FA03F3184680BD00100240B4BC0008D5
:1074400080B500AF064B9B6803F08003802B04D10E
:1074500000F028F8034B80221A7000BF80BD00BFE7
:10746000001002400A10024080B485B000AF78607E
:107470000A4B1B680A4AA2FB03235B0A7A6802FBD9
:1074800003F3FB6000BFFB685A1EFA60002BF9D1C2
:1074900000BF00BF1437BD4680BC70470400002009
:1074A000D34D621080B400AF00BFBD4680BC7047B2
:1074B00080B586B000AF786000233B610023FB609D
:1074C0007B681B6803F00103002B7DD00023FB7554
:1074D0004F4BDB6903F08053002B0DD14C4BDB6924
:1074E0004B4A43F08053D361494BDB6903F080532F
:1074F000BB60BB680123FB75464B1B6803F48073BC
:10750000002B18D1434B1B68424A43F4807313602D
:10751000FDF774F8386108E0FDF770F802463B6942
:10752000D31A642B01D903236DE03A4B1B6803F493
:107530008073002BF0D0364B1B6A03F44073FB6062
:10754000FB68002B2ED07B685B6803F44073FA68FD
:107550009A4227D02E4B1B6A23F44073FB602E4BBC
:1075600001221A602C4B00221A60294AFB68136220
:10757000FB6803F00103002B14D0FDF73FF83861DE
:107580000AE0FDF73BF802463B69D31A41F2883224
:10759000934201D9032336E01D4B1B6A03F002031B
:1075A000002BEED01A4B1B6A23F440727B685B6899
:1075B000174913430B62FB7D012B05D1144BDB698B
:1075C000134A23F08053D3617B681B6803F00203E6
:1075D000002B08D00E4B5B6823F440427B689B680D
:1075E0000B4913434B607B681B6803F01003002BAF
:1075F00008D0074B5B6823F480027B68DB68044992
:1076000013434B60002318461837BD4680BD00BFAA
:1076100000100240007000404004424280B588B033
:1076200000AF786000237B610023FB6100233B6196
:107630000023FB600023BB617B68102B0AD07B68B2
:10764000102B00F28A807B68012B45D07B68022BCF
:1076500075D082E0464B5B68FB60454B1B6803F0CE
:107660008073002B7BD0FB689B0C03F00F03414A17
:10767000D35C3B61FB6803F48033002B15D03C4B9B
:107680005B685B0C03F001033B4AD35C7B61FB68E6
:1076900003F48033002B0DD0384A7B69B2FBF3F240
:1076A0003B6902FB03F3FB6104E03B69344A02FBE4
:1076B00003F3FB612E4B5B6803F48003B3F5800F8B
:1076C00002D1FB69BB614AE0FB695B002D4AA2FB6A
:1076D00003235B08BB6142E0254B1B6AFB60FB6830
:1076E00003F44073B3F5807F08D1FB6803F0020315
:1076F000002B03D04FF40043BB611FE0FB6803F491
:107700004073B3F5007F09D1194B5B6A03F00203A4
:10771000002B03D049F64043BB610FE0FB6803F444
:107720004073B3F5407F1CD1114B1B6803F4003349
:10773000002B16D04FF22443BB6112E011E0FFF79B
:107740006BFE02460A4B5B689B0B03F0030301339D
:107750005B00B2FBF3F3BB6104E000BF02E000BFDB
:1077600000E000BFBB6918462037BD4680BD00BFA2
:1077700000100240D0BC0008E0BC000800127A00F3
:1077800000093D00ABAAAAAA80B582B000AF78601C
:107790007B68002B01D1012341E07B6893F83D30E9
:1077A000DBB2002B06D17B68002283F83C2078688E
:1077B000FCF726FD7B68022283F83D207B681A686F
:1077C0007B6804331946104600F05CFA7B6801229E
:1077D00083F846207B68012283F83E207B680122E3
:1077E00083F83F207B68012283F840207B680122D8
:1077F00083F841207B68012283F842207B680122C4
:1078000083F843207B68012283F844207B680122AF
:1078100083F845207B68012283F83D200023184629
:107820000837BD4680BD000080B485B000AF7860E9
:107830007B6893F83D30DBB2012B01D001233AE0A5
:107840007B68022283F83D207B681B68DA687B68CE
:107850001B6842F00102DA607B681B68184A934299
:107860000ED07B681B68B3F1804F09D07B681B6822
:10787000144A934204D07B681B68134A934211D187
:107880007B681B689B6803F00703FB60FB68062BA3
:1078900010D07B681B681A687B681B6842F0010285
:1078A0001A6007E07B681B681A687B681B6842F0F7
:1078B00001021A60002318461437BD4680BC704789
:1078C000002C0140000400400008004080B584B056
:1078D00000AF78607B681B68DB68FB607B681B68B7
:1078E0001B69BB60BB6803F00203002B20D0FB6860
:1078F00003F00203002B1BD07B681B686FF00202B1
:107900001A617B6801221A777B681B689B6903F008
:107910000303002B03D0786800F098F905E078683D
:1079200000F08BF9786800F09AF97B6800221A77EA
:10793000BB6803F00403002B20D0FB6803F00403B2
:10794000002B1BD07B681B686FF004021A617B68F8
:1079500002221A777B681B689B6903F44073002B33
:1079600003D0786800F072F905E0786800F065F9F6
:10797000786800F074F97B6800221A77BB6803F01E
:107980000803002B20D0FB6803F00803002B1BD05A
:107990007B681B686FF008021A617B6804221A7703
:1079A0007B681B68DB6903F00303002B03D0786856
:1079B00000F04CF905E0786800F03FF9786800F0D5
:1079C0004EF97B6800221A77BB6803F01003002B86
:1079D00020D0FB6803F01003002B1BD07B681B68D2
:1079E0006FF010021A617B6808221A777B681B68A7
:1079F000DB6903F44073002B03D0786800F026F9AC
:107A000005E0786800F019F9786800F028F97B68DB
:107A100000221A77BB6803F00103002B0CD0FB682F
:107A200003F00103002B07D07B681B686FF0010295
:107A30001A617868FAF782FEBB6803F08003002BB6
:107A40000CD0FB6803F08003002B07D07B681B6819
:107A50006FF080021A61786800F07FFABB6803F06B
:107A60004003002B0CD0FB6803F04003002B07D031
:107A70007B681B686FF040021A61786800F0F8F8C4
:107A8000BB6803F02003002B0CD0FB6803F020033D
:107A9000002B07D07B681B686FF020021A617868A2
:107AA00000F052FA00BF1037BD4680BD80B584B0EB
:107AB00000AF786039600023FB737B6893F83C303B
:107AC000012B01D10223B4E07B68012283F83C2022
:107AD0007B68022283F83D207B681B689B68BB6043
:107AE000BB6823F07703BB60BB6823F47F43BB60B4
:107AF0007B681B68BA689A603B681B68B3F5005FD7
:107B00003ED0B3F5005F00F28780B3F5805F00F0F0
:107B10008680B3F5805F7FD8702B1AD0702B7BD80E
:107B2000602B50D0602B77D8502B3CD0502B73D883
:107B3000402B58D0402B6FD8302B64D0302B6BD8D3
:107B4000202B60D0202B67D8002B5CD0102B5AD074
:107B500062E07B6818683B6899683B685A683B68D4
:107B6000DB6800F074F97B681B689B68BB60BB68CE
:107B700043F07703BB607B681B68BA689A604FE08C
:107B80007B6818683B6899683B685A683B68DB68A3
:107B900000F05DF97B681B689A687B681B6842F49B
:107BA00080429A603CE07B6818683B6859683B6893
:107BB000DB681A4600F0D4F87B681B685021184631
:107BC00000F02BF92CE07B6818683B6859683B682B
:107BD000DB681A4600F0F2F87B681B6860211846E3
:107BE00000F01BF91CE07B6818683B6859683B682B
:107BF000DB681A4600F0B4F87B681B684021184621
:107C000000F00BF90CE07B681A683B681B681946AA
:107C1000104600F002F903E00123FB7300E000BF0F
:107C20007B68012283F83D207B68002283F83C209A
:107C3000FB7B18461037BD4680BD80B483B000AFD3
:107C4000786000BF0C37BD4680BC704780B483B0FD
:107C500000AF786000BF0C37BD4680BC704780B471
:107C600083B000AF786000BF0C37BD4680BC704762
:107C700080B483B000AF786000BF0C37BD4680BCD5
:107C80007047000080B485B000AF786039607B68D1
:107C90001B68FB607B682F4A93420BD07B68B3F173
:107CA000804F07D07B682C4A934203D07B682B4AD5
:107CB000934208D1FB6823F07003FB603B685B686C
:107CC000FA681343FB607B68224A93420BD07B68BF
:107CD000B3F1804F07D07B681F4A934203D07B6883
:107CE0001E4A934208D1FB6823F44073FB603B6853
:107CF000DB68FA681343FB60FB6823F080023B6893
:107D00005B691343FB607B68FA681A603B689A689A
:107D10007B68DA623B681A687B689A627B680D4A06
:107D2000934203D13B681A697B681A637B6801221E
:107D30005A617B681B6903F00103002B05D07B6847
:107D40001B6923F001027B681A6100BF1437BD462E
:107D500080BC7047002C0140000400400008004037
:107D600080B487B000AFF860B9607A60FB681B6AC6
:107D70007B61FB681B6A23F00102FB681A62FB68E7
:107D80009B693B613B6923F0F0033B617B681B010E
:107D90003A6913433B617B6923F00A037B617A698B
:107DA000BB6813437B61FB683A699A61FB687A6937
:107DB0001A6200BF1C37BD4680BC704780B487B0D4
:107DC00000AFF860B9607A60FB681B6A7B61FB6892
:107DD0001B6A23F01002FB681A62FB689B693B6117
:107DE0003B6923F470433B617B681B033A6913438F
:107DF0003B617B6923F0A0037B61BB681B017A694F
:107E000013437B61FB683A699A61FB687A691A627D
:107E100000BF1C37BD4680BC704780B485B000AF42
:107E2000786039607B689B68FB60FB6823F07003B7
:107E3000FB603A68FB68134343F00703FB607B6811
:107E4000FA689A6000BF1437BD4680BC704780B4A2
:107E500087B000AFF860B9607A603B60FB689B68F0
:107E60007B617B6923F47F437B613B681A027B68FB
:107E70001A43BB6813437A6913437B61FB687A69D1
:107E80009A6000BF1C37BD4680BC704780B485B087
:107E900000AF786039607B6893F83C30012B01D1EA
:107EA000022346E07B68012283F83C207B680222A3
:107EB00083F83D207B681B685B68FB607B681B6800
:107EC0009B68BB60FB6823F07003FB603B681B682A
:107ED000FA681343FB607B681B68FA685A607B682A
:107EE0001B68164A93420ED07B681B68B3F1804F23
:107EF00009D07B681B68124A934204D07B681B68D8
:107F0000104A93420CD1BB6823F08003BB603B68EE
:107F10005B68BA681343BB607B681B68BA689A6089
:107F20007B68012283F83D207B68002283F83C2097
:107F3000002318461437BD4680BC7047002C014012
:107F4000000400400008004080B483B000AF7860B7
:107F500000BF0C37BD4680BC704780B483B000AF13
:107F6000786000BF0C37BD4680BC704780B582B0DA
:107F700000AF78607B68002B01D1012342E07B6871
:107F800093F84130DBB2002B06D17B68002283F8E6
:107F900040207868FCF758F97B68242283F8412058
:107FA0007B681B68DA687B681B6822F40052DA6021
:107FB000786800F053FE7B681B681A697B681B6851
:107FC00022F490421A617B681B685A697B681B68BF
:107FD00022F02A025A617B681B68DA687B681B689A
:107FE00042F40052DA607B6800225A647B682022E7
:107FF00083F841207B68202283F842207B6800229E
:108000005A63002318460837BD4680BD80B58AB044
:1080100002AFF860B9603B601346FB8000237B61D0
:10802000FB6893F84130DBB2202B75D1BB68002B85
:1080300002D0FB88002B01D101236EE0FB680022F7
:108040005A64FB68212283F84120FCF7D7FA786153
:10805000FB68FA889A84FB68FA88DA84FB689B6874
:10806000B3F5805F08D1FB681B69002B04D10023A6
:10807000FB61BB68BB6103E0BB68FB610023BB61C4
:108080002EE03B6800937B6900228021F86800F0B5
:10809000B7FB0346002B05D0FB68202283F8412064
:1080A00003233AE0FB69002B0BD1BB691B881A46FE
:1080B000FB681B68C2F308025A60BB690233BB61EC
:1080C00007E0FB691A78FB681B685A60FB6901339B
:1080D000FB61FB68DB8C9BB2013B9AB2FB68DA84E4
:1080E000FB68DB8C9BB2002BCBD13B6800937B6998
:1080F00000224021F86800F083FB0346002B05D0E6
:10810000FB68202283F84120032306E0FB6820223D
:1081100083F84120002300E0022318462037BD46A3
:1081200080BD80B584B000AFF860B9601346FB80B5
:10813000FB6893F84230DBB2202B12D1BB68002BD6
:1081400002D0FB88002B01D101230BE0FB68002249
:108150001A63FB881A46B968F86800F0AAFB034660
:1081600000E0022318461037BD4680BD80B59AB0A6
:1081700000AF78607B681B680C33BB64BB6C53E852
:10818000003F7B647B6C23F490737B667B681B6889
:108190000C337A6E7A653B65396D7A6D41E8002360
:1081A000FB64FB6C002BE5D17B681B6814337B639D
:1081B0007B6B53E8003F3B633B6B23F001033B6663
:1081C0007B681B6814333A6E3A64FB63F96B3A6C54
:1081D00041E80023BB63BB6B002BE5D17B681B6BC5
:1081E000012B19D17B681B680C333B623B6A53E857
:1081F000003FFB61FB6923F01003FB657B681B6894
:108200000C33FA6DFA62BB62B96AFA6A41E800237C
:108210007B627B6A002BE5D17B681B685B6903F09E
:108220004003002B36D07B681B681433FB60FB686F
:1082300053E8003FBB60BB6823F04003BB657B682D
:108240001B681433BA6DBA617B617969BA6941E818
:1082500000233B613B69002BE5D17B68DB6B002B86
:1082600018D07B68DB6B00225A637B68DB6B184697
:10827000FDF705F80346002B0CD07B68DB6B184636
:10828000FDF7B0F80346202B04D17B6810225A6416
:1082900003230AE07B680022DA857B68202283F8CA
:1082A00042207B6800221A63002318466837BD46C7
:1082B00080BD000080B5BAB000AF78607B681B68F5
:1082C0001B68C7F8E4307B681B68DB68C7F8E030E0
:1082D0007B681B685B69C7F8DC300023C7F8D830BF
:1082E0000023C7F8D430D7F8E43003F00F03C7F801
:1082F000D830D7F8D830002B0FD1D7F8E43003F0BE
:108300002003002B09D0D7F8E03003F02003002B26
:1083100003D0786800F0E3FB5BE2D7F8D830002B9D
:1083200000F0DE80D7F8DC3003F00103002B06D12B
:10833000D7F8E03003F49073002B00F0D180D7F829
:10834000E43003F00103002B0BD0D7F8E03003F446
:108350008073002B05D07B685B6C43F001027B6867
:108360005A64D7F8E43003F00403002B0BD0D7F89D
:10837000DC3003F00103002B05D07B685B6C43F01D
:1083800002027B685A64D7F8E43003F00203002B42
:108390000BD0D7F8DC3003F00103002B05D07B684D
:1083A0005B6C43F004027B685A64D7F8E43003F056
:1083B0000803002B11D0D7F8E03003F02003002B86
:1083C00005D1D7F8DC3003F00103002B05D07B6822
:1083D0005B6C43F008027B685A647B685B6C002B23
:1083E00000F0F281D7F8E43003F02003002B08D02E
:1083F000D7F8E03003F02003002B02D0786800F0BB
:108400006EFB7B681B685B6903F04003002B14BFA5
:1084100001230023DBB2C7F8D4307B685B6C03F028
:108420000803002B03D1D7F8D430002B4FD0786845
:1084300000F078FA7B681B685B6903F04003002B4F
:1084400041D07B681B681433C7F89C30D7F89C3048
:1084500053E8003FC7F89830D7F8983023F040032E
:10846000C7F8D0307B681B681433D7F8D020C7F822
:10847000A820C7F8A430D7F8A410D7F8A82041E85E
:108480000023C7F8A030D7F8A030002BD9D17B68E3
:10849000DB6B002B13D07B68DB6B7E4A5A637B68F7
:1084A000DB6B1846FCF726FF0346002B16D07B68D3
:1084B000DB6B5B6B7A68D26B104698470EE078688E
:1084C000FAF756F90AE07868FAF752F906E07868A0
:1084D000FAF74EF97B6800225A6475E100BF73E138
:1084E0007B681B6B012B40F04F81D7F8E43003F021
:1084F0001003002B00F04881D7F8E03003F01003A0
:10850000002B00F041810023BB607B681B681B6867
:10851000BB607B681B685B68BB60BB687B681B6873
:108520005B6903F04003002B00F0B6807B68DB6BD7
:108530001B685B68A7F8BE30B7F8BE30002B00F0B0
:1085400045817B689B8DB7F8BE209A4280F03E81C2
:108550007B68B7F8BE20DA857B68DB6B9B69202BD4
:1085600000F088807B681B680C33C7F88830D7F828
:10857000883053E8003FC7F88430D7F8843023F4BC
:108580008073C7F8B8307B681B680C33D7F8B82005
:10859000C7F89420C7F89030D7F89010D7F89420F7
:1085A00041E80023C7F88C30D7F88C30002BD9D1A4
:1085B0007B681B6814337B677B6F53E8003F3B6726
:1085C0003B6F23F00103C7F8B4307B681B6814339A
:1085D000D7F8B420C7F88020FB67F96FD7F8802060
:1085E00041E80023BB67BB6F002BE1D17B681B68B0
:1085F00014333B663B6E53E8003FFB65FB6D23F095
:108600004003C7F8B0307B681B681433D7F8B0203C
:10861000FA66BB66B96EFA6E41E800237B667B6E34
:10862000002BE3D17B68202283F842207B68002264
:108630001A637B681B680C33FB64FB6C53E8003FD8
:10864000BB64BB6C23F01003C7F8AC307B681B68BD
:108650000C33D7F8AC20BA657B65796DBA6D41E80B
:1086600000233B653B6D002BE3D17B68DB6B184639
:10867000FCF705FE7B6802225A637B689A8D7B6853
:10868000DB8D9BB2D31A9BB21946786800F0ADF827
:108690009CE000BFE98900087B689A8D7B68DB8DD0
:1086A0009BB2D31AA7F8CE307B68DB8D9BB2002B30
:1086B00000F08E80B7F8CE30002B00F089807B6808
:1086C0001B680C33BB63BB6B53E8003F7B637B6B66
:1086D00023F49073C7F8C8307B681B680C33D7F855
:1086E000C8207A643B64396C7A6C41E80023FB63F0
:1086F000FB6B002BE3D17B681B6814337B627B6AC6
:1087000053E8003F3B623B6A23F00103C7F8C430E3
:108710007B681B681433D7F8C4203A63FB62F96A9C
:108720003A6B41E80023BB62BB6A002BE3D17B6854
:10873000202283F842207B6800221A637B681B6832
:108740000C333B613B6953E8003FFB60FB6823F05F
:108750001003C7F8C0307B681B680C33D7F8C02003
:10876000FA61BB61B969FA6941E800237B617B6901
:10877000002BE3D17B6802225A63B7F8CE3019464A
:10878000786800F032F823E0D7F8E43003F0800393
:10879000002B09D0D7F8E03003F08003002B03D082
:1087A000786800F035F914E0D7F8E43003F04003BE
:1087B000002B0ED0D7F8E03003F04003002B08D098
:1087C000786800F074F904E000BF02E000BF00E048
:1087D00000BFE837BD4680BD80B483B000AF78608D
:1087E00000BF0C37BD4680BC704780B483B000AF7B
:1087F00078600B467B8000BF0C37BD4680BC70475D
:1088000080B586B000AFF860B9603B601346FB717D
:108810003BE03B6AB3F1FF3F37D0FBF7EFFE024688
:108820003B68D31A3A6A9A4202D33B6A002B01D1C1
:1088300003233AE0FB681B68DB6803F00403002BAA
:1088400023D0BB68802B20D0BB68402B1DD0FB6899
:108850001B681B6803F00803082B16D100237B61FB
:10886000FB681B681B687B61FB681B685B687B613E
:108870007B69F86800F056F8FB6808225A64FB68C8
:10888000002283F8402001230FE0FB681B681A6870
:10889000BB681340BA689A420CBF01230023DBB2C5
:1088A0001A46FB799A42B4D0002318461837BD46C1
:1088B00080BD80B485B000AFF860B9601346FB801E
:1088C000FB68BA689A62FB68FA889A85FB68FA883E
:1088D000DA85FB6800225A64FB68222283F8422072
:1088E000FB681B69002B07D0FB681B68DA68FB6814
:1088F0001B6842F48072DA60FB681B685A69FB6887
:108900001B6842F001025A61FB681B68DA68FB6869
:108910001B6842F02002DA60002318461437BD4677
:1089200080BC704780B495B000AF78607B681B68EE
:108930000C337B637B6B53E8003F3B633B6B23F45F
:108940009073FB647B681B680C33FA6C3A64FB63BE
:10895000F96B3A6C41E80023BB63BB6B002BE5D19C
:108960007B681B6814333B623B6A53E8003FFB6142
:10897000FB6923F00103BB647B681B681433BA6C8A
:10898000FA62BB62B96AFA6A41E800237B627B6AD9
:10899000002BE5D17B681B6B012B19D17B681B6811
:1089A0000C33FB60FB6853E8003FBB60BB6823F0FF
:1089B00010037B647B681B680C337A6CBA617B6143
:1089C0007969BA6941E800233B613B69002BE5D135
:1089D0007B68202283F842207B6800221A6300BF54
:1089E0005437BD4680BC704780B584B000AF786016
:1089F0007B685B6AFB60FB680022DA85FB6800220B
:108A0000DA84F868F9F7B4FE00BF1037BD4680BDC0
:108A100080B485B000AF78607B6893F84130DBB2FA
:108A2000212B3ED17B689B68B3F5805F14D17B68B6
:108A30001B69002B10D17B681B6AFB60FB681B88DD
:108A40001A467B681B68C2F308025A607B681B6A7F
:108A50009A1C7B681A6208E07B681B6A591C7A685A
:108A600011621A787B681B685A607B68DB8C9BB24A
:108A7000013B9BB27A681946D184002B0FD17B68E9
:108A80001B68DA687B681B6822F08002DA607B680A
:108A90001B68DA687B681B6842F04002DA600023DA
:108AA00000E0022318461437BD4680BC704780B5ED
:108AB00082B000AF78607B681B68DA687B681B68EF
:108AC00022F04002DA607B68202283F84120786837
:108AD000FFF782FE002318460837BD4680BD80B5EB
:108AE0008CB000AF78607B6893F84230DBB2222B09
:108AF00040F0AE807B689B68B3F5805F17D17B68E0
:108B00001B69002B13D10023FB627B689B6ABB624D
:108B10007B681B685B689BB2C3F308039AB2BB6AAD
:108B20001A807B689B6A9A1C7B689A6226E07B6845
:108B30009B6AFB620023BB627B689B68B3F5805F26
:108B400007D07B689B68002B0AD17B681B69002BD0
:108B500006D17B681B685B68DAB2FB6A1A7008E0B2
:108B60007B681B685B68DBB203F07F03DAB2FB6AE9
:108B70001A707B689B6A5A1C7B689A627B68DB8DE3
:108B80009BB2013B9BB27A681946D185002B5DD11F
:108B90007B681B68DA687B681B6822F02002DA6059
:108BA0007B681B68DA687B681B6822F48072DA6075
:108BB0007B681B685A697B681B6822F001025A6156
:108BC0007B68202283F842207B6800225A637B68FE
:108BD0001B6B012B35D17B6800221A637B681B68F5
:108BE0000C337B617B6953E8003F3B613B6923F0B9
:108BF00010037B627B681B680C337A6A3A62FB6104
:108C0000F9693A6A41E80023BB61BB69002BE5D1F1
:108C10007B681B681B6803F01003102B0AD100232C
:108C2000FB607B681B681B68FB607B681B685B687C
:108C3000FB60FB687B689B8D19467868FFF7D5FD64
:108C400002E07868F9F789FD002302E0002300E0E4
:108C5000022318463037BD4680BD000080B584B081
:108C600000AF78607B681B681B6923F440517B6808
:108C7000DA687B681B680A431A617B689A687B68BC
:108C80001B691A437B685B691343BB607B681B6885
:108C9000DB6823F4B05323F00C037A681268B968D8
:108CA0000B43D3607B681B685B6923F440717B686E
:108CB0009A697B681B680A435A617B681B682C4A67
:108CC000934203D1FEF7A8FBF86002E0FEF790FBA9
:108CD000F860FA6813469B0013449A001A447B68B4
:108CE0005B689B00B2FBF3F3224AA2FB03235B0900
:108CF0001901FA6813469B0013449A001A447B68D2
:108D00005B689B00B2FBF3F21A4BA3FB02035B0907
:108D1000642000FB03F3D31A1B013233154AA2FB74
:108D200003235B0903F0F0031944FA6813469B0020
:108D300013449A001A447B685B689B00B2FBF3F211
:108D40000C4BA3FB02035B09642000FB03F3D31A63
:108D50001B013233074AA2FB03235B0903F00F0216
:108D60007B681B680A449A6000BF1037BD4680BD0F
:108D7000003801401F85EB51002B2DE9F0471D46BF
:108D8000BBBF03F100431D4600232D2388B01446CA
:108D9000B8BF1446129A109E1370149BDDF84CA0B5
:108DA00023F02008B8F1460F05D0B8F1450F00D1E7
:108DB0000136022300E0032307AA049206AACDE9A4
:108DC00002A2CDE9003622462B4600F0A1FEB8F102
:108DD000470F074619D1119BDB070ED500EB06099B
:108DE0000022002320462946F7F7DEFD08B1CDF822
:108DF0001C903022079B4B451ED33846079B159A83
:108E0000DB1B136008B0BDE8F087B8F1460F00EB3C
:108E10000609E5D10378302B0AD100220023204631
:108E20002946F7F7C1FD18B9C6F10106CAF8006076
:108E3000DAF800309944D3E7591C07911A70D9E742
:108E4000F7B50029B6BF2D232B234942092902700B
:108E5000437029DD0DF107031D460A27B1FBF7F624
:108E60001A4607FB1614303402F8014C0C46632CEA
:108E7000314603F1FF33F1DC3031941E03F8011C5D
:108E80002346411CAB420AD30DF109039B1AAC42A5
:108E900088BF002302330344181A03B0F0BD13F84F
:108EA000016B01F8016FEDE7302330318370C17041
:108EB000031DF1E72DE9F04F91B00C46DDF8688015
:108EC00016461F46054600F005FD03681846089340
:108ED000F7F73EF900230E93D8F8003009900733D6
:108EE00023F0070303F1080294F818A0D4F800B0A7
:108EF000C8F80020D3E9008929F000430B93CDF88E
:108F000028804FF0FF32DDE90A01C4E912899C4B49
:108F1000F7F77CFD70BBDDE90A014FF0FF32984B9B
:108F2000F7F756FD30BB0022002340464946F7F7CD
:108F300045FD10B12D2384F84330924A924BBAF18B
:108F4000470F94BF9046984603234FF000092361D2
:108F50002BF00403236033462146284600970FAACE
:108F600000F0D4F9013040F090804FF0FF3011B0A4
:108F7000BDE8F08F42464B4640464946F7F746FD6E
:108F800048B14B46002BB8BF2D23804AB8BF84F8A8
:108F900043307F4BD3E763680AF0DF015A1C3FD1AF
:108FA0000623636000224BF48063236006920EAABE
:108FB000CDE904A20DAA03920DF13302CDE90132ED
:108FC00063684246009328464B460A91FFF7D4FE59
:108FD0000A99804647290D9928D1C81C02DB63688D
:108FE000994240DDAAF1020A5FFA8AFA5246013933
:108FF00004F150000D91FFF723FF0E9A81461318DC
:10900000012A236102DC2268D20701D501332361E2
:109010009DF83330002B9ED02D2384F843309AE7FF
:109020004729BFD1002BBDD10123BAE7BAF1650FA3
:10903000DCD9BAF1660F18D1002963680BDD216114
:1090400013B92268D00702D501330B4423614FF0D6
:109050000009A165DCE713B92268D20701D5023304
:10906000F4E70123F2E74FF0670A0E9B994205DB14
:1090700023682161D807EAD54B1CE7E70029CCBF5C
:109080000122C1F102021344E0E723685A0507D424
:109090002369424631462846B84701302BD164E760
:1090A000BAF1650F40F2DC80D4E9120100220023FE
:1090B000F7F77AFC002833D0012331462846354A99
:1090C000B84701303FF451AFDDE90D38434502DBCD
:1090D0002368D8070FD5DDE9082331462846B8476D
:1090E00001303FF442AF4FF0000908F1FF3804F1BE
:1090F0001A0AC84509DC23689B0700F10281E06871
:109100000F9B9842B8BF184631E7012352463146BB
:109110002846B84701303FF428AF09F10109E8E7D4
:109120000D9B002B38DC012331462846194AB847ED
:1091300001303FF41AAFDDE90D3959EA030302D1DA
:109140002368D907D7D5DDE9082331462846B84733
:1091500001303FF40AAF4FF0000A04F11A0B0D9BE7
:109160005B42534501DC4B4693E701235A463146A7
:109170002846B84701303FF4F8AE0AF1010AEEE79D
:10918000FFFFEF7FE2BC0008E6BC0008EABC000875
:10919000EEBC0008F2BC0008A36DDDF838A0534512
:1091A000A8BF5346002B994636DC4FF0000B29EA46
:1091B000E97904F11A02A36D0A93A3EB09035B4555
:1091C00031DC0D9B9A453ADC2368DA0737D40D9BD6
:1091D000AAEB03090A9BAAEB03039945A8BF99468A
:1091E000B9F1000F33DC4FF0000829EAE97904F106
:1091F0001A0B0D9BAAEB0303A3EB090343457FF76F
:109200007AAF01235A4631462846B84701303FF429
:10921000ACAE08F10108ECE7424631462846B847B3
:109220000130C2D1A1E60123314628460A92B8474F
:1092300001303FF49AAE0A9A0BF1010BBBE73146BD
:10924000DDE908232846B8470130C0D18DE60A9AE7
:109250004B46314628464244B8470130C3D184E6E4
:10926000DDF838A0BAF1010F01DCDB0736D50123A8
:10927000424631462846B84701303FF476AEDDE934
:10928000082331462846B84701303FF46EAED4E992
:109290001201002200230AF1FF3AF7F785FBC0B95B
:1092A000534608F1010231462846B84701300CD137
:1092B0005BE601235A4631462846B84701303FF461
:1092C00054AE08F10108D045F3DB4B4604F15002DF
:1092D000E0E64FF0000804F11A0BF4E701234246E0
:1092E000E1E701234A4631462846B84701303FF4BA
:1092F0003CAE08F10108E3680F995B1A4345F0DCC6
:10930000FDE64FF0000804F11909F4E72DE9F047F4
:10931000164698468A680B6907469342B8BF1346BB
:10932000336091F843200C46DDF820900AB10133F8
:1093300033602368990642BF33680233336025687F
:1093400015F0060506D104F1190AE36832689B1A84
:10935000AB422BDC94F843302268003B18BF01235A
:10936000920630D44146384604F14302C8470130E2
:1093700023D02368226903F00603042B14BF0025C1
:1093800033684FF0000608BFE56804F11A0408BF0F
:10939000ED1A54F8123C08BF25EAE5759342C4BFA4
:1093A0009B1AED18B5421AD1002008E0012352465D
:1093B00041463846C847013003D14FF0FF30BDE881
:1093C000F0870135C1E73020E11881F843005A1CCD
:1093D00094F845102244023382F84310C2E7012377
:1093E000224641463846C8470130E6D00136D9E723
:1093F0002DE9FF470F7E9146782F80460C469A460E
:109400000C9E01F1430207D8622F0AD8002F00F00A
:10941000D380582F00F0BA8004F1420684F84270DD
:109420003AE0A7F16303152BF6D801A151F823F018
:10943000899400089D940008199400081994000864
:1094400019940008199400089D94000819940008C4
:109450001994000819940008199400089F950008B1
:10946000C794000859950008199400081994000839
:10947000C195000819940008C794000819940008C1
:10948000199400086195000833681A1D1B68326042
:1094900004F1420684F8423001239EE033682068DC
:1094A000191D3160060601D51D6803E04506FBD590
:1094B000B3F90050002D03DA2D236D4284F84330B8
:1094C0000A23594811E021683368080653F8045B01
:1094D00002D4490648BFADB26F2F336014BF0A23D0
:1094E00008235148002184F843106668002EA8BF65
:1094F0002168A660A4BF21F0040121600DB9002EEF
:109500004BD01646B5FBF3F103FB1157C75D06F8C8
:10951000017D2F46BB420D46F4D9082B0BD12368A1
:10952000DF0708D5236961689942DEBF302306F85A
:10953000013C06F1FF36921B22614B462146404614
:10954000CDF800A003AAFFF7E1FE01304AD14FF0A9
:10955000FF3004B0BDE8F087236843F020032360A8
:109560007827324884F84570236831681F0651F81F
:10957000045B02D45F0648BFADB23160D90744BF77
:1095800043F0200323601DB11023ABE72648E9E731
:10959000236823F020032360F6E71646BDE733680F
:1095A0002568181D616930602E061B6801D5196099
:1095B00002E06806FBD51980002316462361BCE74C
:1095C000336800211A1D32601E686268304600F060
:1095D000F8F908B1801B606063682361002384F898
:1095E0004330AAE73246494640462369D047013016
:1095F000ADD023689B0713D4E068039B9842B8BFA3
:109600001846A6E70123324649464046D047013076
:109610009DD00135E36803995B1AAB42F2DCEBE7BE
:10962000002504F11906F5E7F4BC000805BD0008A3
:10963000002310B50446C0E90033C0E90433836059
:1096400081814366C2818361194608225C3000F043
:1096500038F90D4B246263620C4BA3620C4BE3623E
:109660000C4B23630C4B9C4206D003F168029442DE
:1096700002D0D0339C4205D104F15800BDE810401F
:1096800000F09CB910BD00BF1D9800083F9800086D
:10969000779800089B980008E0040020024A0349DC
:1096A000034800F069B800BF100000204DB3000867
:1096B0002000002041680C4B10B59942044601D0AF
:1096C00001F044FEA168094B994202D0204601F006
:1096D0003DFEE168064B994204D02046BDE81040AB
:1096E00001F034BE10BD00BFE0040020480500209A
:1096F000B005002010B50B4B0B4C0C4A20461A60ED
:1097000004210022FFF794FF04F1680001220921DF
:10971000FFF78EFF04F1D0000222BDE810401221B5
:10972000FFF786BF18060020E00400209D96000881
:10973000014800F044B900BF21060020014800F0B4
:109740003FB900BF2106002010B50446FFF7F0FF27
:10975000236A1BB1BDE81040FFF7F0BF044B236242
:10976000044B1B68002BF5D1FFF7C4FFF2E700BFE5
:10977000B5960008180600202DE9F84307468846EC
:1097800014460026D4E90195B9F1010905D52468EC
:10979000002CF7D13046BDE8F883AB89012B07D9FF
:1097A000B5F90E30013303D029463846C047064389
:1097B0006835E9E70CB430B5174B0C1E1D689DB039
:1097C00008DA8B234FF0FF302B601DB0BDE830402E
:1097D00002B070474FF40273ADF814300CBF23464B
:1097E00004F1FF33049307934FF6FF730290069042
:1097F000ADF81630284621AB209A02A9019301F05A
:1098000029FC431CBCBF8B232B60002CDDD0002225
:10981000029B1A70D9E700BF1C00002010B50C464F
:10982000B1F90E1000F07CF80028ABBF636DA3897E
:109830001B1823F48053ACBF6365A38110BD2DE9D1
:10984000F0411F468B890546DB050C46164605D5BB
:1098500002230022B1F90E1000F050F8A38932461D
:1098600023F48053A38128463B46B4F90E10BDE88B
:10987000F04100F067B810B50C46B1F90E1000F0D9
:109880003DF8431CA38915BF606523F4805343F45E
:109890008053A38118BFA38110BDB1F90E1000F051
:1098A0001DB810B501390244904201D1002005E0F5
:1098B000037811F8014FA34201D0181B10BD0130ED
:1098C000F2E703460244934200D1704703F8011BBC
:1098D000F9E70000004870475C01002038B500231C
:1098E000054D044608462B60FAF79DFD431C02D146
:1098F0002B6803B1236038BD1C06002038B5044630
:10990000084611460022054D2A601A46FAF7AFFDB7
:10991000431C02D12B6803B1236038BD1C06002014
:1099200038B50446084611460022054D2A601A46FD
:10993000FAF740FD431C02D12B6803B1236038BD08
:109940001C06002038B50446084611460022054D85
:109950002A601A46FAF74BFD431C02D12B6803B16B
:10996000236038BD1C060020014B1868704700BFFB
:109970001C00002070B500260C4D0D4C641BA4107B
:10998000A64209D102F070F800260A4D0A4C641B69
:10999000A410A64205D170BD55F8043B9847013686
:1099A000EEE755F8043B98470136F2E758C0000847
:1099B00058C0000858C000085CC0000870477047D5
:1099C0007047034610B5C9B202449342184601D10C
:1099D000002003E0047801338C42F6D110BD0A4424
:1099E000914200F1FF3300D1704710B511F8014BDF
:1099F000914203F8014FF9D110BD2DE9F74F0369EA
:109A00000C690746A3427EDB013CA30000F114056C
:109A100001F11408009305EB8403019358F82430F6
:109A200055F8242001339A42B2FBF3F608EB84097F
:109A30002ED34FF0000AC446AE46D3465CF8043B32
:109A400098B206FB00A01B0C020C06FB0323DEF8F9
:109A5000002080B292B2121A5A44DEF800004FEA97
:109A6000134A9BB2C3EB224303EB104392B242EA88
:109A70000342E1454FEA234B4EF8042BDED2009B14
:109A8000EB582BB9019B043B9D421A462FD33C61F6
:109A9000384601F07BF9002825DB2946002058F8DC
:109AA000042BD1F800C01FFA82FE1FFA8CF3A3EB3F
:109AB0000E030344120CC2EB234202EB1C429BB286
:109AC00043EA0243C1454FEA224041F8043BE6D253
:109AD00055F8242005EB840322B9043B9D421A4625
:109AE0000BD33C610136304603B0BDE8F08F1268FD
:109AF000043B002ACBD1013CC6E71268043B002A94
:109B0000EFD1013CEAE70020EEE700000000000092
:109B10002DE9F04F14461D46C76997B08346CDE93D
:109B20000245239E7FB9102000F002FE0246CBF8CA
:109B30001C0020B9EF21A84BA84801F059FCC0E94E
:109B400001770760C760DBF81C30196859B15A68A3
:109B5000012393404A608B60584600F0DFFE0022EC
:109B6000DBF81C301A602B1EAFBF0023012223F04C
:109B700000430393A8BF3360DDF80C80984BB8BF57
:109B8000326033EA080312D142F20F73229A136053
:109B9000C8F31303234300F05085249BDFF844A24D
:109BA000002B00F052850AF1030300F04CBDDDE903
:109BB0000223CDE90C23DDE90C0100220023F6F796
:109BC000F3FE074658B10123229A1360249B13B178
:109BD000854B249A1360DFF814A200F036BD14AB55
:109BE000019315AB00935846DDE90C2301F07EF993
:109BF000C8F30A568146002E77D0DDE90C010D9B93
:109C0000A6F2FF36C3F3130343F07F5343F440132C
:109C1000129719460022764BF6F7A6FA68A3D3E905
:109C20000023F6F759FC68A3D3E90023F6F79EFA60
:109C3000044630460D46F6F7E5FB65A3D3E900235D
:109C4000F6F74AFC02460B4620462946F6F78EFAFE
:109C500004460D46F6F7F0FE002207460023204694
:109C60002946F6F7ABFE40B13846F6F7CBFB224665
:109C70002B46F6F799FE00B9013F162F53D8DDE9C0
:109C80000C015C4B03EBC703D3E90023F6F796FE08
:109C900000284AD00023013F0F93149B9B1B5A1EA0
:109CA00046BFC3F1010800234FF00008099248BFE6
:109CB0000993002F3BDB099B0E973B44099300233C
:109CC0000A93209B092B66D8052BC4BF043B209325
:109CD000209BC8BF0024A3F10203D8BF0124032B9B
:109CE00064D8DFE803F02B383656DDE914631E44F0
:109CF00006F23243202BC1BFC3F1400308FA03F838
:109D000006F2124324FA03F3D6BFC3F1200348EA54
:109D1000030004FA03F0F6F765FB0122A1F1F873E2
:109D2000013E129275E70123B6E70F90B5E77B423B
:109D30000A930023A8EB07080E93C2E700230B93B6
:109D4000219B002B35DC01231A46CDE907332192F4
:109D50000BE00123F3E700230B93219BFB180893EF
:109D60000133012B0793B8BF012300210422DBF844
:109D70001C0002F114059D421FD94160584600F0B5
:109D80008DFD8246002839D1024640F2AF111A4BB0
:109D9000D2E60123E0E7012400230B9420934FF047
:109DA000FF330022CDE907331223D0E701230B93C1
:109DB000F5E7219BCDE90733D7E701315200D8E71A
:109DC00061436F63A787D23FB3C8608B288AC63FC1
:109DD000FB799F501344D33F23BD00083ABD0008D0
:109DE0000000F07F1FBD0008F3BC0008F2BC0008B3
:109DF0000000F83F30BE000892BD0008DBF81C30C0
:109E00001860079B0E2B00F2A480002C00F0A180AC
:109E1000002F33DD864B07F00F0203EBC203F8057A
:109E2000D3E90034CDE904344FEA271416D5DDE92F
:109E30000C01804B0326D3E90823F6F777FCCDE924
:109E4000020104F00F047B4D54B9DDE90423DDE980
:109E50000201F6F76BFCCDE9020128E00226F2E7E9
:109E6000E10708D5DDE90401D5E90023F6F734FB65
:109E7000CDE90401013664100835E5E700F0D28031
:109E8000DDE90C017C426A4B04F00F0203EBC203D4
:109E9000D3E90023F6F720FB02260023CDE90201D7
:109EA000644D2411002C40F0B280002BD3D1DDE9A9
:109EB00002450F9B002B00F0B78000222046294668
:109EC0005D4BF6F77BFD002800F0AE80079B002B72
:109ED00000F0AA80089B002B37DD7B1E20460493F0
:109EE00000222946554BF6F7F7FACDE90201089C06
:109EF00001363046F6F786FADDE90223F6F7ECFA8A
:109F000000224F4BF6F732F90546A1F15076002CAE
:109F100040F09A80DDE9020100224A4BF6F724F96D
:109F200002460B46CDE902232A463346F6F764FD86
:109F3000002840F08E82DDE902012A4606F1004346
:109F4000F6F73CFD002840F02781DDE90C34CDE92F
:109F50000234159B002BC0F263810E2F00F3608149
:109F6000334B03EBC703D3E90034CDE90434219B21
:109F7000002B03DA079B002B40F30081DDE902454B
:109F80005646DDE9042320462946F6F7CFFBF6F7CF
:109F900053FD8046F6F736FADDE90423F6F79CFA1E
:109FA00002460B4620462946F6F7DEF808F1300453
:109FB000079D06F8014BA6EB0A04A54202460B4694
:109FC00040F01681F6F7D2F8DDE9042304460D4689
:109FD000F6F712FD002840F0F880DDE90423204662
:109FE0002946F6F7E1FC18B118F0010F40F0ED80BA
:109FF0004946584600F092FC00233370229B0137FB
:10A000001F60249B002B00F020831E601DE3E207ED
:10A0100005D5D5E90023F6F75FFA01230136641070
:10A0200008353FE7022642E7079C049761E700BF37
:10A0300030BE000808BE00080000F03F00002440C9
:10A0400000001C4000001440704B0B9903EBC4034C
:10A0500053E902235444002945D000206C49F6F707
:10A0600065FB33462A46F6F77FF85646CDE91001E0
:10A07000DDE90201F6F7E0FC0546F6F7C3F9024612
:10A080000B46DDE90201F6F76FF802460B46303564
:10A09000CDE90223DDE9102306F8015BF6F78EFC1B
:10A0A000002863D1DDE9022300205A49F6F75CF865
:10A0B000DDE91023F6F782FC002840F08780A642F5
:10A0C0003FF443AFDDE910010022534BF6F704FAE9
:10A0D0000022CDE91001DDE902014F4BF6F7FCF952
:10A0E000CDE90201C4E731462846F6F7F5F95646B0
:10A0F000CDE910011394DDE90201F6F79DFC054658
:10A10000F6F780F902460B46DDE90201F6F72CF876
:10A1100002460B46303506F8015BA642CDE9022324
:10A120004FF0000224D1DDE91001394BF6F71EF89B
:10A1300002460B46DDE90201F6F75EFC002845D138
:10A14000DDE9102300203249F6F70EF802460B46EF
:10A15000DDE90201F6F732FC00283FF4F6AE139E6B
:10A16000731E139316F8013C302BF8D0049F3FE781
:10A17000294BF6F7B1F9CDE90201BCE70CD1DDE9D5
:10A1800004010022254BF6F7A7F9DDE90223F6F7D3
:10A1900029FC002800F05B8100242546219B5646BF
:10A1A000DB43049300272146584600F0B7FB002DFF
:10A1B000DCD02FB1AF4203D03946584600F0AEFB99
:10A1C0002946584600F0AAFBD0E7049733461E46BE
:10A1D00013F8012D392A07D19A45F8D1049A013292
:10A1E000049230228AF800201A7801321A70BDE7F2
:10A1F0000022094BF6F770F90022002304460D46B1
:10A20000F6F7D2FB00283FF4BCAEF1E630BE000802
:10A210000000E03F0000F03F000024400000144038
:10A220000B9A002A00F0DB80209A012A00F3BF80FD
:10A23000129A002A00F0B78003F2334346460A9C84
:10A24000099A01211A4458469844099200F01AFCD0
:10A2500005465EB1099B002B08DDB342A8BF33461B
:10A26000099AA8EB0308F61AD31A09930A9BF3B1CB
:10A270000B9B002B00F0B7808CB129462246584634
:10A2800000F0BEFC4A4601460546584600F010FC68
:10A2900049460490584600F041FB049B99460A9BAE
:10A2A0001A1B04D04946584600F0AAFC81460121F9
:10A2B000584600F0E7FB0E9B0446002B00F0C981D6
:10A2C0001A460146584600F09BFC209B0446012B91
:10A2D00000F38F80029B002B40F08780039BC3F329
:10A2E0001303002B40F08380039B23F000431B0DDE
:10A2F0001B052BB1099B08F10108013309930123C8
:10A300000A930E9B002B00F0AA81236904EB8303C0
:10A31000186900F06BFBC0F12000099B184410F095
:10A320001F0071D0C0F12003042B65DD099BC0F133
:10A330001C000344804406440993B8F1000F05DD76
:10A3400049464246584600F0B5FC8146099B002B21
:10A3500005DD21461A46584600F0ACFC04460F9B2A
:10A36000002B53D02146484600F010FD00284DDA5E
:10A370007B1E494604930A220023584600F0F0FA57
:10A380000B9B8146002B00F06C81002329460A229A
:10A39000584600F0E5FA089B0546002B61DC209B3F
:10A3A000022B3BDC5DE0149BC3F1360346E7079BC1
:10A3B0005C1E0A9BA342BFBF0A9B0E9AE31AD218E7
:10A3C000A8BF1C1B079BBEBF0A940E920024002B43
:10A3D000B5BFA8EB030646460023079B30E7464679
:10A3E0000A9C0B9D35E70A9A5CE7002388E7029BED
:10A3F00086E700230A9388E79FD0099A1C331A4402
:10A4000098441E44099298E70346F6E7079B049791
:10A41000002B20DC0893209B022B1EDD089B002BC9
:10A420007FF4BCAE21460522584600F099FA014659
:10A430000446484600F0AAFC00287FF7AFAE31235F
:10A44000564606F8013B049B01330493AAE6079C99
:10A4500004972546F3E7079B08930B9B002B00F01E
:10A460000481002E05DD29463246584600F022FCC4
:10A4700005460A9B002B5AD05846696800F00EFA30
:10A48000064628B9024640F2EF21834BFFF754BB42
:10A490002A6905F10C01023292000C30FFF79FFA95
:10A4A00001223146584600F005FC2F4605460AF1C8
:10A4B00001030793089B53440B93029B03F0010392
:10A4C0000A93079B2146013B48460293FFF795FA02
:10A4D0003946089000F13008484600F057FC2A46FB
:10A4E00009902146584600F06DFCC268064602BB42
:10A4F0000146484600F04AFC0246314658460C9256
:10A5000000F00CFA209B0C9A079E43EA02010A9B7A
:10A51000194310D1B8F1390F29D0099B002B02DD66
:10A52000089B03F13108029B83F800803BE6284634
:10A53000BBE70122E1E7099B002B04DB20990B43D9
:10A540000A990B4320D1002AEDDD494601225846E5
:10A5500000F0B0FB2146814600F018FC002803DC27
:10A56000E1D118F0010FDED0B8F1390FD8D139237D
:10A57000029A137033461E4616F8012C013B392A05
:10A5800052D001321A700EE6002A07DDB8F1390FF9
:10A59000EDD0029A08F10103137004E6079B079AB5
:10A5A00003F8018C0B9B934228D0494600230A22D2
:10A5B000584600F0D5F9AF4281464FF000034FF006
:10A5C0000A023946584607D100F0CAF9074605463F
:10A5D000079B0133079374E700F0C2F92946074649
:10A5E00000230A22584600F0BBF90546F0E7089B15
:10A5F0000027002BCCBF1E460126564449460122A7
:10A60000584600F057FB2146814600F0BFFB00286A
:10A61000B0DC02D118F0010FACD133461E4613F85E
:10A62000012D302AFAD0BEE59A45A4D1049B01330E
:10A63000049331238AF80030B5E5249BDFF85CA051
:10A640001BB10AF10803249A1360504617B0BDE805
:10A65000F08F209B012B7FF73DAE0E9B0A930120CC
:10A660005BE6089B002B7FF7D6AE56462146484650
:10A67000FFF7C3F900F13008089B06F8018BA6EB41
:10A680000A029342B3DD494600230A22584600F0ED
:10A6900067F98146EAE700BF92BD000816BD0008D1
:10A6A00038B50546002940D051F8043C0C1F002B5A
:10A6B000B8BFE41800F0E6F81C4A136833B96360C9
:10A6C00014602846BDE8384000F0E2B8A34208D93B
:10A6D000206821188B4201BF19685B680918216046
:10A6E000EDE71A465B680BB1A342FAD9116850181E
:10A6F000A0420BD120680144501883421160E0D180
:10A7000018685B68084410605360DAE702D90C23CC
:10A710002B60D6E7206821188B4201BF19685B685F
:10A720000918216063605460CBE738BD280600201B
:10A73000024B0146186800F025B800BF1C0000203D
:10A7400070B50F4E0C463168054611B900F040FE59
:10A7500030602146284600F03BFE431C03D14FF0F9
:10A76000FF34204670BDC41C24F00304A042F8D07E
:10A77000211A284600F02CFE0130F2D1EFE700BF8D
:10A78000240600202DE9F843CD1C25F003050835EB
:10A790000C2D38BF0C25002D064601DBA94204D93B
:10A7A0000C2333600020BDE8F883DFF8D48000F08C
:10A7B00069F8D8F800301C4644BB29463046FFF7FC
:10A7C000BFFF431C044658D1D8F800402746002F4D
:10A7D00043D1002C4BD023683946304604EB0309A3
:10A7E00000F0F6FD814542D1216830466D1A2946B8
:10A7F000FFF7A6FF01303AD023682B442360D8F836
:10A8000000305A6862BBC8F800700FE02268521B23
:10A8100020D40B2A17D96119A342256018BF5960AB
:10A82000636808BFC8F8001062514B60304600F002
:10A830002FF804F10B00231D20F00700C21A1CBFE3
:10A840001B1AA350AFE76268A3420CBFC8F80020F0
:10A850005A60EBE723466468AEE73C467F68B6E79C
:10A860001A465B68A342FBD100235360DEE70C234A
:10A870003046336000F00CF894E70560D6E700BF7F
:10A88000280600200148FFF79AB800BF20060020E4
:10A890000148FFF795B800BF2006002070B5C669D3
:10A8A00004460D4676B91020FFF742FF0246E061EC
:10A8B00020B96B21174B184800F09AFDC0E90166DA
:10A8C0000660C660E669F36883B1E369DB6853F844
:10A8D0002500B8B9012101FA05F6721D2046920043
:10A8E00000F0A4FD60B1C0E901560EE02122042170
:10A8F000204600F09BFDE369F060DB68002BE4D1AB
:10A90000002070BD026843F825200023C0E903330E
:10A91000F7E700BF23BD0008A3BD000870B5C669F6
:10A9200005460C4676B91020FFF702FF0246E861A3
:10A9300020B98F21084B094800F05AFDC0E9016693
:10A940000660C6603CB1EB696268DB6853F82210B0
:10A95000216043F8224070BD23BD0008A3BD00085C
:10A960002DE9F04107460C461E4600200D6901F115
:10A97000140CDCF80030013099B202FB01611E0CAE
:10A980000B0C02FB063389B201EB034185424FEA0F
:10A9900013464CF8041BECDC0EB3A368AB4219DC85
:10A9A000616838460131FFF779FF804628B90246D1
:10A9B000BA210C4B0C4800F01BFD226904F10C017C
:10A9C000023292000C30FFF70AF821463846FFF7B2
:10A9D000A5FF444604EB850301355E6125612046F1
:10A9E000BDE8F08192BD0008A3BD00080346B0F5A4
:10A9F000803F3ABF030410200020B3F1807F3CBFAA
:10AA00001B020830B3F1805F3CBF1B010430B3F17F
:10AA1000804F3CBF9B000230002B05DB13F0804FC2
:10AA200000F1010008BF202070470368024613F0C0
:10AA300007000BD0D90721D4980749BF5B089B08B2
:10AA4000012013605CBF02201360704799B209B9FE
:10AA500010201B0CD9B209B908301B0A190704BF12
:10AA60001B090430990704BF9B080230D90703D49F
:10AA70005B0800F1010003D01360704700207047AD
:10AA80002020704710B50C460121FFF707FF024652
:10AA900028B940F24511044B044800F0A9FC0123F9
:10AAA0004461036110BD00BF92BD0008A3BD000852
:10AAB0002DE9F04F14460A6923690F469A42A2BF56
:10AAC00023460C461F46D4F810A0D7F81090A36870
:10AAD00061680AEB0906B34285B0B8BF0131FFF7E0
:10AAE000DDFE30B902464FF4B171434B434800F0EC
:10AAF0007FFC00F114052B46002205EB8608434538
:10AB000021D307F1140104F1140202EB8A0201EBD4
:10AB100089030293131B153B23F00303043304F151
:10AB20001507BA4238BF04230193029B03918B425D
:10AB30000CD8002E03DD58F8043D002B5AD00661D6
:10AB400005B0BDE8F08F43F8042BD8E7B1F800A0BA
:10AB5000BAF1000F23D0A9464FF0000C04F1140EF7
:10AB60005EF8047BD9F800301FFA87FB9BB20AFB22
:10AB70000B336344D9F800C03F0C4FEA1C4C0AFB6E
:10AB800007C707EB13479BB243EA074372454FEAF7
:10AB9000174C49F8043BE3D8019B45F803C0039BDD
:10ABA0000431B3F80290B9F1000F21D0AE464FF056
:10ABB000000A2B6804F1140CBCF800B0BEF8027057
:10ABC0009BB209FB0B77574443EA07434EF8043B1B
:10ABD0005CF8043B4FEA134ABEF80030624509FBBB
:10ABE0000A3303EB17434FEA134AE5D8019FEB51B1
:10ABF00004359AE7013E9CE792BD0008A3BD00081A
:10AC00002DE9F843154612F0030207460E4607D019
:10AC1000254C013A002354F82220FFF7A1FE0646F6
:10AC2000AD103DD0FC697CB91020FFF781FD0246D4
:10AC3000F86128B940F2B3111C4B1D4800F0D8FB55
:10AC4000C0E901440460C460D7F81C80D8F808400B
:10AC50004CB940F271213846FFF714FF0023044637
:10AC6000C8F8080003604FF00009EB070AD5314629
:10AC700022463846FFF71CFF804631463846FFF72C
:10AC80004DFE46466D100BD0206838B9224621464D
:10AC90003846FFF70DFF2060C0F800900446E4E757
:10ACA0003046BDE8F88300BFFCBD000823BD0008A6
:10ACB000A3BD00082DE9F0470C46074691462369DD
:10ACC000496803EB6218A3684FEA621A08F10106AB
:10ACD000B3420BDB3846FFF7E1FD054648B90246B3
:10ACE0004FF4EF71274B284800F082FB01315B00E5
:10ACF000EEE7002300F1140100F11002184653455D
:10AD000033DB20692AEAEA7A04F1140319F01F09F7
:10AD100001EB8A0103EB800C2BD08A460022C9F19B
:10AD2000200E186800FA09F010434AF8040B53F893
:10AD3000042B9C4522FA0EF2F3D8ACEB0403153B2E
:10AD400023F00303043304F11500844538BF0423C2
:10AD5000CA500AB108F10206013E384621462E616A
:10AD6000FFF7DCFD2846BDE8F08742F8040F013309
:10AD7000C5E7043953F8042B9C4541F8042FF9D852
:10AD8000EAE700BF92BD0008A3BD000803460A69B8
:10AD9000006930B5801A0ED11433143103EB8204EC
:10ADA00001EB820154F8045D51F8042D954203D063
:10ADB00005D24FF0FF3030BDA342F3D3FBE70120B3
:10ADC000F9E700002DE9F74F894606461146484647
:10ADD0001446FFF7DBFF051E12D129463046FFF768
:10ADE0005DFD024628B940F237213E4B3E4800F057
:10ADF000FFFA0123C0E90435104603B0BDE8F08F27
:10AE0000BCBF4B46A1463046D9F80410BABF1C4619
:10AE100001250025FFF742FD024618B940F2452101
:10AE2000304BE3E700F1140BD9F8107009F110036F
:10AE3000C5604FF0000C09F11405D946266904F1EC
:10AE4000140E05EB87080EEB86060193019B5EF856
:10AE5000040B53F804AF81B201931FFA8AF35B1A13
:10AE6000000C6344C0EB1A4000EB23409BB243EA62
:10AE7000004376454FEA204C49F8043BE6D8331BA3
:10AE8000153B23F0030315340433A64238BF0423D3
:10AE90001D445B441E462C4644450ED308F1030175
:10AEA000491B21F00301033DA84538BF00210B4495
:10AEB00053F8041D99B117619EE7E64654F8041B48
:10AEC0001FFA81FCF444080C714400EB2C4089B259
:10AED00041EA00414FEA204C46F8041BDCE7013F01
:10AEE000E6E700BF92BD0008A3BD00082DE973434B
:10AEF000012190469946089EFFF7D0FC044630B9E0
:10AF0000024640F20F31234B234800F071FAC9F397
:10AF10000A55C9F313030DB143F480130193B8F13B
:10AF2000000324D068460093FFF77FFDDDE900129F
:10AF3000D8B1C0F1200302FA03F30B43C2406361AE
:10AF40000192019B002B0CBF01220222A36122610E
:10AF5000ADB1A5F2334505443560C0F13500099B1C
:10AF60001860204602B0BDE870836161E9E701A87E
:10AF7000FFF75BFD019B012263612030E7E7A0F250
:10AF8000324004EB820330601869FFF72FFDC0EBFD
:10AF90004210E4E792BD0008A3BD00082DE9F04788
:10AFA0001F468E688246BE420C4690460B682DD8DE
:10AFB000B1F90C2012F4906F26D06569096905EB90
:10AFC0004505A3EB010905EBD5757B1C4B446D10C2
:10AFD0009D4238BF1D46530527D52946FFF7D2FBB2
:10AFE000064660B34A462169FEF7F9FCA38923F4BB
:10AFF000906343F08003A38126614E4426603E4661
:10B000006561A5EB0905A560BE4200D93E46324602
:10B010004146206800F0C2F90020A3689B1BA36092
:10B02000236833442360BDE8F0872A4600F024FA01
:10B0300006460028E0D150462169FFF731FB0C237A
:10B04000CAF80030A3894FF0FF3043F04003A381DA
:10B05000E9E700002DE9F04F98468B8907461B066B
:10B060000D4614469DB010D50B6973B94021FFF70A
:10B0700089FB2860286130B90C233B604FF0FF301A
:10B080001DB0BDE8F08F40236B610023099320239E
:10B090008DF8293030234FF00109CDF80C80DFF80E
:10B0A00098818DF82A3023469A4613F8012B0AB16D
:10B0B000252AF9D1BAEB040B0BD05B462246294670
:10B0C0003846FFF76BFF013000F0A780099A5A4419
:10B0D00009929AF80030002B00F09F8000234FF077
:10B0E000FF32CDE905230AF1010A049307938DF895
:10B0F00053301A935446052214F8011B4E48FEF7AC
:10B1000060FC049AD8B9D00644BF20238DF8533090
:10B11000110744BF2B238DF853309AF800302A2BA7
:10B1200015D0544600204FF00A0C079A214611F81A
:10B13000013B303B092B4BD9B0B1079214E0A0EB97
:10B14000080309FA03F31343A2460493D2E7039BCF
:10B15000191D1B680391002BBBBF5B4242F002022A
:10B1600007930793B8BF049223782E2B0AD16378F4
:10B170002A2B32D1039B02341A1D1B68039243EA27
:10B18000E3730593DFF8B4A0032250462178FEF75D
:10B1900018FC38B14022049BA0EB0A008240134304
:10B1A0000134049314F8011B062225488DF8281059
:10B1B000FEF707FC002836D0224B1BBB039B07334E
:10B1C00023F0070308330393099B334409936AE789
:10B1D0000C4601200CFB0232A8E700234FF00A0CBA
:10B1E000194601340593204610F8012B303A092AFC
:10B1F00003D9002BC6D00591C4E7044601230CFBFC
:10B200000121F0E703AB00932A4638460E4B04A910
:10B21000FDF750FE421C0646D6D1AB895B063FF5D2
:10B220002DAF09982CE703AB00932A463846064B0E
:10B2300004A9FEF7DDF8EDE7F8BE0008FEBE000841
:10B2400002BF0008B58E00089DAF0008B1F90C20C0
:10B25000F8B5160705460C4654D44B68002B02DCA3
:10B260000B6C002B48DDE66A002E45D0002312F45B
:10B2700080522F68216A2B6030D0626DA3895907F4
:10B2800005D56368D21A636B0BB1236CD21A002305
:10B290002846E66A216AB047431CA38906D129687B
:10B2A0001D292BD8284A0A41D60727D400226260DC
:10B2B0002269D904226004D5421C01D12B6803B94C
:10B2C0006065616B2F60B9B104F14403994202D00B
:10B2D0002846FFF7E5F9002363630DE001232846C4
:10B2E000B0470246501CC9D12B68002BC6D01D2B7D
:10B2F00001D0162B1DD12F60002021E043F0400328
:10B300001BB21AE00F69002FF6D0930718BF002375
:10B310000E6808BF4B69F61B0F608B60002EEBDDDB
:10B3200033463A462846216AD4F828C0E047002828
:10B3300007DCB4F90C3043F040034FF0FF30A38139
:10B34000F8BD0744361AE9E7FEFFBFDF38B50B69E1
:10B3500005460C4613B90025284638BD18B1036AC6
:10B360000BB9FEF7F1F9B4F90C30002BF3D0626E93
:10B37000D00704D4990502D4A06DFEF720FB28461F
:10B380002146FFF763FF636E0546DA07E4D4A3891D
:10B390009B05E1D4A06DFEF713FBDDE7884210B5F5
:10B3A00001EB020402D98442234607D8431EA1427E
:10B3B00008D011F8012B03F8012FF8E701460244E9
:10B3C0008A4200D110BD13F8014D02F8014DF7E794
:10B3D00038B50023054D044608462B60F9F754F8AC
:10B3E000431C02D12B6803B1236038BD1C0600202A
:10B3F0001FB514461A46094B05461B68D86854B950
:10B40000074B1C46CDE9013400912B46054900F05D
:10B410006FF800F07FF8044BF4E700BF1C00002039
:10B420004EBF000820BF000813BF000870B5A1FB85
:10B4300002543CB92946FFF7A5F9064628B900266B
:10B44000304670BD0C220260F9E72A462146FEF71D
:10B4500038FAF5E782B001B901A942B14BB11378CE
:10B460000B601278101E18BF012002B07047104602
:10B47000FBE76FF00100F8E72DE9F0418046154643
:10B480000C4621B91146BDE8F041FFF77BB92AB956
:10B49000FFF706F900242046BDE8F08100F041F8EE
:10B4A0008542064602D8B5EB500FF4D829464046EF
:10B4B000FFF768F907460028ECD0B5422A46214636
:10B4C00028BF3246FEF78BFA21464046FFF7E8F8E0
:10B4D0003C46E0E70346084641B1FF2A04D98A22E8
:10B4E0004FF0FF301A60704701200A70704700006B
:10B4F0000EB403B5014603AB054853F8042B0068AE
:10B50000019300F03DF802B05DF804EB03B0704722
:10B510001C000020062008B500F006FA0120F8F70C
:10B520003EFF51F8043C181F002BBCBF0B58C0183D
:10B530007047936810B4013B002B936007DA94695D
:10B54000A34201DB0A2902D110BC00F031B9136813
:10B55000581C10601970084610BC7047F8B50646B4
:10B560000F461446D518AC4201D1002007E03A46F8
:10B57000304614F8011BFFF7DCFF431CF3D1F8BD84
:10B580002DE9F04F0D461446984606469DB018B179
:10B59000036A0BB9FEF7D8F86B6ED90705D4AB89EF
:10B5A0009A0502D4A86DFEF70AFAAB891B0701D5EC
:10B5B0002B699BB92946304600F038F970B16B6EA3
:10B5C000DC0704D54FF0FF301DB0BDE8F08FAB892C
:10B5D0009805F7D4A86DFEF7F3F9F3E70023099374
:10B5E00020238DF8293030234FF00109CDF80C804D
:10B5F000DFF8A8818DF82A3023469A4613F8012BEC
:10B600000AB1252AF9D1BAEB040B0BD05B462246CE
:10B6100029463046FFF7A2FF013000F0A780099AC3
:10B620005A4409929AF80030002B00F09F800023C2
:10B630004FF0FF32CDE905230AF1010A0493079385
:10B640008DF853301A935446052214F8011B5348C1
:10B65000FEF7B7F9049AD8B9D10644BF20238DF874
:10B660005330130744BF2B238DF853309AF8003022
:10B670002A2B15D0544600204FF00A0C079A214679
:10B6800011F8013B303B092B4BD9B0B1079214E0C4
:10B69000A0EB080309FA03F31343A2460493D2E78D
:10B6A000039B191D1B680391002BBBBF5B4242F03B
:10B6B000020207930793B8BF049223782E2B0AD176
:10B6C00063782A2B32D1039B02341A1D1B68039224
:10B6D00043EAE3730593DFF8C8A0032250462178BC
:10B6E000FEF76FF938B14022049BA0EB0A008240BC
:10B6F00013430134049314F8011B062229488DF8E2
:10B700002810FEF75EF900283FD0274B1BBB039B98
:10B71000073323F0070308330393099B3B44099342
:10B720006AE70C4601200CFB0232A8E700234FF029
:10B730000A0C194601340593204610F8012B303AC3
:10B74000092A03D9002BC6D00591C4E7044601237A
:10B750000CFB0121F0E703AB00932A463046134B64
:10B7600004A9FDF7A7FB0746781CD6D16B6ED90755
:10B7700005D4AB899A0502D4A86DFEF721F9AB89EF
:10B780005B063FF51FAF09981EE703AB00932A46FF
:10B790003046064B04A9FDF72BFEE4E7F8BE00088F
:10B7A000FEBE000802BF0008B58E00085DB50008A7
:10B7B000F8B50E461446054618B1036A0BB9FDF7F5
:10B7C000C3FFA369A360A3891A0701D5236943B9FD
:10B7D0002146284600F02AF818B14FF0FF373846C6
:10B7E000F8BD23682269F6B2981A63693746834226
:10B7F00005DC21462846FFF7A9FD0028EDD1A36806
:10B80000013BA36023685A1C22601E706269431CBE
:10B810009A4204D0A389DB07E1D50A2EDFD1214665
:10B820002846FFF793FD0028D9D0D6E738B5294B35
:10B83000054618680C4618B1036A0BB9FDF784FF7A
:10B84000B4F90C30190722D4DA0607D409222A6089
:10B8500043F040034FF0FF30A38133E0580712D587
:10B86000616B41B104F14403994202D02846FEF7CE
:10B8700017FF00236363A38923F02403A38100231C
:10B88000636023692360A38943F00803A3812369CC
:10B890004BB9A38903F42073B3F5007F03D021468D
:10B8A000284600F082F8B4F90C3013F001020AD0F7
:10B8B0000022A26062695242A261226942B913F079
:10B8C0008000C5D138BD990758BF6269A260F4E70E
:10B8D0000020F7E71C0000201F2938B505460C465C
:10B8E00004D9162303604FF0FF3038BDC26B12B18C
:10B8F00052F821304BB9284600F030F82246014674
:10B900002846BDE8384000F017B8012B0AD0591C72
:10B9100003D1162303600120E7E70021204642F807
:10B92000241098470020E0E7024B01461868FFF713
:10B93000D3BF00BF1C00002038B50023064D0446CD
:10B94000084611462B60F8F71AFD431C02D12B68FC
:10B9500003B1236038BD00BF1C060020F8F708BD06
:10B9600070B50C46B1F90E10154600291E4696B06A
:10B970000CDAA389002113F0800F14BF40234FF489
:10B980008063002031602B6016B070BD6A4600F005
:10B9900049F80028EDDB019901F47041A1F500534D
:10B9A000594259414FF48063EBE78B89F7B59D0706
:10B9B00006460C4607D504F14703236023610123A3
:10B9C000636103B0F0BD6A4601ABFFF7C9FF009F9A
:10B9D000054639463046FEF7D5FE48B9B4F90C3075
:10B9E0009A05EED423F0030343F00203A381E2E7B8
:10B9F000A389C4E9040743F08003A381019B20606D
:10BA00005BB13046B4F90E1000F01EF828B1A389DE
:10BA100023F0030343F00103A381A3891D43A58100
:10BA2000CFE7000038B50023064D0446084611460E
:10BA30002B60F8F703FD431C02D12B6803B1236090
:10BA400038BD00BF1C06002038B50023054D044654
:10BA500008462B60F8F701FD431C02D12B6803B1A7
:10BA6000236038BD1C060020F8B500BFF8BC08BC38
:10BA70009E467047F8B500BFF8BC08BC9E467047AC
:10BA80002B2D2D2D2D2D2D2D2D2D2D2D2D2D2D2DE8
:10BA90002D2D2D2B00000000536F6C477269640040
:10BAA000534D41525420454E4552475920424D5323
:10BAB00000000000424F4F54205B0000534F4320D2
:10BAC0005B0000002D2D2D2500000000253375257D
:10BAD000250000002D2D2E2D430000002D0000001C
:10BAE000000000002573256C752E256C7543000041
:10BAF000536F6C4772696420424D5300464C542189
:10BB0000000000004F4E2020000000004F4646205D
:10BB100000000000563A256C752E2530326C7556A3
:10BB200000000000563A2D2D2E2D2D56000000004D
:10BB3000493A2563256C752E2530326C754100001D
:10BB4000493A2D2D2E2D2D41000000004F55543A1D
:10BB50004F4E00004F55543A4F46460043454C4C1B
:10BB600053000000464C54004F4B200045525200F9
:10BB70004325753A256C752E2530326C75560000BC
:10BB80004325753A2D2D2E2D2D5600000000803FA7
:10BB900000000040DFE043403EF880400000803F6E
:10BBA0000000803F0000803FC79F803F0000803F33
:10BBB0000000803F0000803F0000803F0000000048
:10BBC000000000000000000000000000713D6A411C
:10BBD000A47069419A995941CDCC5441295C534193
:10BBE00052B85241713D52419A995141EC515041E4
:10BBF00066664E41CDCC4C417B144A4148E14641FA
:10BC0000E17A3C419A9935418FC23141D7A32C4109
:10BC100000002841000020410000C8420000C4424A
:10BC20000000BE420000B4420000A04200008C426E
:10BC30000000704200004842000020420000F04135
:10BC40000000A04100007041000020410000A04021
:10BC50000000804000004040000000400000803FA5
:10BC600000000000000C01402000001E0100000048
:10BC7000000000000000001E0000000000000000A6
:10BC80000000001E00000000000000000000001E78
:10BC9000000000000408101F01020400040A0A0A40
:10BCA0000A111F0E00000000000000000102030442
:10BCB000060708090000000001020304020304054E
:10BCC000060708090A0B0C0D0E0F101001020000E8
:10BCD00002030405060708090A0B0C0D0E0F1010CD
:10BCE0000102494E4600696E66004E414E006E618B
:10BCF0006E00300030313233343536373839414216
:10BD000043444546003031323334353637383961B3
:10BD1000626364656600496E66696E697479004E97
:10BD2000614E005245454E54206D616C6C6F63202E
:10BD3000737563636565646564002F6275696C641F
:10BD40002F676E752D746F6F6C732D666F722D7308
:10BD5000746D33325F31322E332E72656C312E3278
:10BD6000303234303932362D313731352F737263FA
:10BD70002F6E65776C69622F6E65776C69622F6CC8
:10BD80006962632F7374646C69622F64746F612ECF
:10BD9000630042616C6C6F632073756363656564F7
:10BDA0006564002F6275696C642F676E752D746F02
:10BDB0006F6C732D666F722D73746D33325F313219
:10BDC0002E332E72656C312E3230323430393236A9
:10BDD0002D313731352F7372632F6E65776C696241
:10BDE0002F6E65776C69622F6C6962632F73746460
:10BDF0006C69622F6D707265632E63000500000030
:10BE0000190000007D0000000080E03779C3414345
:10BE1000176E05B5B5B89346F5F93FE9034F384DB0
:10BE2000321D30F94877825A3CBF737FDD4F15755C
:10BE3000000000000000F03F00000000000024406F
:10BE400000000000000059400000000000408F404A
:10BE5000000000000088C34000000000006AF840B5
:10BE60000000000080842E4100000000D0126341D9
:10BE70000000000084D797410000000065CDCD414F
:10BE8000000000205FA00242000000E87648374230
:10BE9000000000A2941A6D42000040E59C30A242CE
:10BEA0000000901EC4BCD64200003426F56B0C4343
:10BEB0000080E03779C3414300A0D88557347643EA
:10BEC00000C84E676DC1AB43003D9160E458E1434B
:10BED000408CB5781DAF154450EFE2D6E41A4B44C0
:10BEE00092D54D06CFF08044F64AE1C7022DB54405
:10BEF000B49DD9794378EA44232D302B2000686C17
:10BF00004C00656667454647004300504F5349580B
:10BF1000002E002C2066756E6374696F6E3A2000E7
:10BF2000617373657274696F6E20222573222066B7
:10BF300061696C65643A2066696C6520222573220C
:10BF40002C206C696E65202564257325730A00001A
:10BF500020202020202020202028282828282020B9
:10BF600020202020202020202020202020202020D1
:10BF70008810101010101010101010101010101049
:10BF80000404040404040404040410101010101029
:10BF90001041414141414101010101010101010102
:10BFA0000101010101010101010101101010101036
:10BFB00010424242424242020202020202020202D3
:10BFC00002020202020202020202021010101020FB
:10BFD0000000000000000000000000000000000061
:10BFE0000000000000000000000000000000000051
:10BFF0000000000000000000000000000000000041
:10C000000000000000000000000000000000000030
:10C010000000000000000000000000000000000020
:10C020000000000000000000000000000000000010
:10C030000000000000000000000000000000000000
:10C0400000000000000000000000000000000000F0
:08C050000041FF7F0100000028
:04C0580035010008A6
:04C05C0011010008C6
:10C06000FF01000000127A00100000000100000033
:10C070000000000003000000E00400202000002079
:10C0800000000000E004002048050020B00500206A
:10C0900000000000000000000000000000000000A0
:10C0A0000000000000000000000000000000000090
:10C0B0000000000000000000000000000000000080
:10C0C000000000000000000000000000430000002D
:10C0D0000000000000000000000000000000000060
:10C0E000000000000000000000000000430000000D
:10C0F0000000000000000000000000000000000040
:10C1000000000000000000000000000043000000EC
:10C11000000000000000000000000000000000001F
:10C1200000000000000000000000000043000000CC
:10C1300000000000000000000000000000000000FF
:10C1400000000000000000000000000043000000AC
:10C1500000000000000000000000000000000000DF
:10C16000000000000000000000000000430000008C
:10C1700000000000000000000000000000000000BF
:10C18000000000000000000000000000430000006C
:10C19000000000000000000000000000000000009F
:10C1A000000000000000000000000000D5B40008FE
:10C1B00055B40008000000004FBF000811BF000880
:10C1C0004EBF00084EBF00084EBF00084EBF00081B
:10C1D0004EBF00084EBF00084EBF00084EBF00080B
:10C1E0004EBF0008FFFFFFFFFFFFFFFFFFFFFFFF46
:10C1F000FFFF0000010041534349490000000000D7
:10C20000000000000000000000000000000000002E
:10C2100000000000000041534349490000000000B5
:10C22000000000000000000000000000000000000E
:08C23000000000000000000006
:0400000508004501A9
:00000001FF
