:020000040800F2
:100000000050002009450008F5420008014300089F
:1000100009430008114300081943000800000000CC
:100020000000000000000000000000002143000864
:100030002D43000800000000394300084543000834
:100040005145000851450008514500085145000838
:100050005145000851450008514500085145000828
:100060005145000851450008514500085145000818
:100070005145000851450008514500085145000808
:1000800051450008514500085145000851450008F8
:1000900051450008514500085145000851450008E8
:1000A00051450008514500085145000851450008D8
:1000B00051430008514500085145000851450008CA
:1000C00051450008514500085145000851450008B8
:1000D0005145000851450008654300085145000896
:1000E0005145000851450008514500080000000036
:1000F0000000000000000000000000000000000000
:0C01000000000000000000005FF808F1A3
:1001100010B5054C237833B9044B13B10448AFF341
:1001200000800123237010BDD801002000000000D2
:10013000ACBA000808B5034B1BB103490348AFF341
:10014000008008BD00000000DC010020ACBA0008FF
:10015000034613F8012B002AFBD1181A0138704707
:1001600081F0004102E000BF83F0004330B54FEA68
:1001700041044FEA430594EA050F08BF90EA020FD5
:100180001FBF54EA000C55EA020C7FEA645C7FEA68
:10019000655C00F0E2804FEA5454D4EB5555B8BF8B
:1001A0006D420CDD2C4480EA020281EA030382EAFC
:1001B000000083EA010180EA020281EA0303362D8E
:1001C00088BF30BD11F0004F4FEA01314FF4801C61
:1001D0004CEA113102D0404261EB410113F0004F73
:1001E0004FEA03334CEA133302D0524263EB43032A
:1001F00094EA050F00F0A780A4F10104D5F1200EC8
:100200000DDB02FA0EFC22FA05F2801841F1000122
:1002100003FA0EF2801843FA05F359410EE0A5F1F6
:1002200020050EF1200E012A03FA0EFC28BF4CF027
:10023000020C43FA05F3C01851EBE37101F00045DD
:1002400007D54FF0000EDCF1000C7EEB00006EEBEA
:100250000101B1F5801F1BD3B1F5001F0CD3490874
:100260005FEA30004FEA3C0C04F101044FEA4452CB
:1002700012F5800F80F09A80BCF1004F08BF5FEA52
:10028000500C50F1000041EB045141EA050130BD32
:100290005FEA4C0C404141EB0101013C28BFB1F544
:1002A000801FE9D291F0000F04BF01460020B1FA8F
:1002B00081F308BF2033A3F10B03B3F120020CDA62
:1002C0000C3208DD02F1140CC2F10C0201FA0CF040
:1002D00021FA02F10CE002F11402D8BFC2F1200CA5
:1002E00001FA02F120FA0CFCDCBF41EA0C0190405B
:1002F000E41AA2BF01EB0451294330BD6FEA0404A4
:100300001F3C1CDA0C340EDC04F11404C4F120028E
:1003100020FA04F001FA02F340EA030021FA04F3A0
:1003200045EA030130BDC4F10C04C4F1200220FAF7
:1003300002F001FA04F340EA0300294630BD21FA35
:1003400004F0294630BD94F0000F83F4801306BFFB
:1003500081F480110134013D4EE77FEA645C18BFEF
:100360007FEA655C29D094EA050F08BF90EA020F86
:1003700005D054EA000C04BF1946104630BD91EA7E
:10038000030F1EBF0021002030BD5FEA545C05D181
:100390004000494128BF41F0004130BD14F58004C0
:1003A0003CBF01F5801130BD01F0004545F0FE4134
:1003B00041F470014FF0000030BD7FEA645C1ABF69
:1003C000194610467FEA655C1CBF0B46024650EAA0
:1003D000013406BF52EA033591EA030F41F40021CC
:1003E00030BD00BF90F0000F04BF0021704730B552
:1003F0004FF4806404F132044FF000054FF0000127
:1004000050E700BF90F0000F04BF0021704730B5E7
:100410004FF4806404F1320410F0004548BF4042BC
:100420004FF000013EE700BF42004FEAE2014FEA11
:1004300031014FEA02701FBF12F07F4393F07F4FEC
:1004400081F06051704732F07F4208BF704793F0EF
:100450007F4F04BF41F40021704730B54FF4607402
:1004600001F0004521F000411CE700BF50EA010205
:1004700008BF704730B54FF000050AE050EA0102AE
:1004800008BF704730B511F0004502D5404261EB1E
:1004900041014FF4806404F132045FEA915C3FF45F
:1004A000D8AE4FF003025FEADC0C18BF03325FEAFC
:1004B000DC0C18BF033202EBDC02C2F1200300FAAD
:1004C00003FC20FA02F001FA03FE40EA0E0021FAD2
:1004D00002F11444BDE600BF70B54FF0FF0C4CF4C0
:1004E000E06C1CEA11541DBF1CEA135594EA0C0F72
:1004F00095EA0C0F00F0DEF82C4481EA030621EAAD
:100500004C5123EA4C5350EA013518BF52EA0335E7
:1005100041F4801143F4801338D0A0FB02CE4FF099
:100520000005E1FB02E506F00042E0FB03E54FF0C9
:100530000006E1FB03569CF0000F18BF4EF0010EC1
:10054000A4F1FF04B6F5007F64F5407404D25FEABD
:100550004E0E6D4146EB060642EAC62141EA555170
:100560004FEAC52040EA5E504FEACE2EB4F1FD0CB2
:1005700088BFBCF5E06F1ED8BEF1004F08BF5FEA30
:10058000500E50F1000041EB045170BD06F00046E2
:1005900046EA010140EA020081EA0301B4EB5C048F
:1005A000C2BFD4EB0C0541EA045170BD41F4801187
:1005B0004FF0000E013C00F3AB8014F1360FDEBFAC
:1005C000002001F0004170BDC4F10004203C35DA88
:1005D0000C341BDC04F11404C4F1200500FA05F30B
:1005E00020FA04F001FA05F240EA020001F00042AC
:1005F00021F0004110EBD37021FA04F642EB060122
:100600005EEA430E08BF20EAD37070BDC4F10C044B
:10061000C4F1200500FA04F320FA05F001FA04F20F
:1006200040EA020001F0004110EBD37041F10001FB
:100630005EEA430E08BF20EAD37070BDC4F1200506
:1006400000FA05F24EEA020E20FA04F301FA05F26E
:1006500043EA020321FA04F001F0004121FA04F216
:1006600020EA020000EBD3705EEA430E08BF20EAE6
:10067000D37070BD94F0000F0FD101F00046400020
:1006800041EB010111F4801F08BF013CF7D041EAA2
:10069000060195F0000F18BF704703F000465200A6
:1006A00043EB030313F4801F08BF013DF7D043EA77
:1006B0000603704794EA0C0F0CEA135518BF95EA2D
:1006C0000C0F0CD050EA410618BF52EA4306D1D1B4
:1006D00081EA030101F000414FF0000070BD50EAD3
:1006E000410606BF1046194652EA430619D094EA5D
:1006F0000C0F02D150EA013613D195EA0C0F05D147
:1007000052EA03361CBF104619460AD181EA03019A
:1007100001F0004141F0FE4141F470014FF0000052
:1007200070BD41F0FE4141F4780170BD70B54FF0ED
:10073000FF0C4CF4E06C1CEA11541DBF1CEA13556D
:1007400094EA0C0F95EA0C0F00F0A7F8A4EB05044F
:1007500081EA030E52EA03354FEA013100F0888046
:100760004FEA03334FF0805545EA131343EA12630F
:100770004FEA022245EA111545EA10654FEA0026C4
:100780000EF000419D4208BF964244F1FD0404F57D
:10079000407402D25B084FEA3202B61A65EB0305D9
:1007A0005B084FEA32024FF480104FF4002CB6EB96
:1007B000020E75EB030E22BFB61A754640EA0C0016
:1007C0005B084FEA3202B6EB020E75EB030E22BF56
:1007D000B61A754640EA5C005B084FEA3202B6EB97
:1007E000020E75EB030E22BFB61A754640EA9C0056
:1007F0005B084FEA3202B6EB020E75EB030E22BF26
:10080000B61A754640EADC0055EA060E18D04FEAE3
:10081000051545EA16754FEA06164FEAC30343EA83
:1008200052734FEAC2025FEA1C1CC0D111F4801F50
:100830000BD141EA00014FF000004FF0004CB6E749
:1008400011F4801F04BF01430020B4F1FD0C88BFE8
:10085000BCF5E06F3FF6AFAEB5EB030C04BFB6EBF3
:10086000020C5FEA500C50F1000041EB045170BDE6
:100870000EF0004E4EEA113114EB5C04C2BFD4EB13
:100880000C0541EA045170BD41F480114FF0000E97
:10089000013C90E645EA060E8DE60CEA135594EA13
:1008A0000C0F08BF95EA0C0F3FF43BAF94EA0C0F16
:1008B0000AD150EA01347FF434AF95EA0C0F7FF48B
:1008C00025AF104619462CE795EA0C0F06D152EADF
:1008D00003353FF4FDAE1046194622E750EA4106C3
:1008E00018BF52EA43067FF4C5AE50EA41047FF4D4
:1008F0000DAF52EA43057FF4EBAE12E74FF0FF3C39
:1009000006E000BF4FF0010C02E000BF4FF0010C09
:100910004DF804CD4FEA410C7FEA6C5C4FEA430C82
:1009200018BF7FEA6C5C1BD001B050EA410C0CBFD1
:1009300052EA430C91EA030F02BF90EA020F002033
:10094000704710F1000F91EA030F58BF994208BF9A
:1009500090422CBFD8176FEAE37040F00100704757
:100960004FEA410C7FEA6C5C02D150EA013C07D1AE
:100970004FEA430C7FEA6C5CD6D152EA033CD3D0F9
:100980005DF8040B704700BF8446104662468C46F3
:100990001946634600E000BF01B5FFF7B7FF002826
:1009A00048BF10F1000F01BD4DF808EDFFF7F4FF4F
:1009B0000CBF012000205DF808FB00BF4DF808EDDA
:1009C000FFF7EAFF34BF012000205DF808FB00BFFD
:1009D0004DF808EDFFF7E0FF94BF012000205DF81F
:1009E00008FB00BF4DF808EDFFF7CEFF94BF0120D4
:1009F00000205DF808FB00BF4DF808EDFFF7C4FFCD
:100A000034BF012000205DF808FB00BF4FEA410C15
:100A10007FEA6C5C02D150EA013C0AD14FEA430CF8
:100A20007FEA6C5C02D152EA033C02D14FF0000035
:100A300070474FF0010070474FEA410212F5001273
:100A400015D211D56FF47873B3EB625212D94FEA15
:100A5000C12343F0004343EA505311F0004F23FAFF
:100A600002F018BF404270474FF00000704750EA54
:100A7000013005D111F0004008BF6FF00040704711
:100A80004FF00000704700BF80F0004002E000BF60
:100A900081F0004142001FBF5FEA410392EA030F69
:100AA0007FEA226C7FEA236C6AD04FEA1262D2EBB3
:100AB0001363C1BFD218414048404140B8BF5B42B8
:100AC000192B88BF704710F0004F40F4000020F051
:100AD0007F4018BF404211F0004F41F4000121F067
:100AE0007F4118BF494292EA030F3FD0A2F10102B1
:100AF00041FA03FC10EB0C00C3F1200301FA03F1EF
:100B000000F0004302D5494260EB4000B0F5000F11
:100B100013D3B0F1807F06D340084FEA310102F1D0
:100B20000102FE2A51D2B1F1004F40EBC25008BF82
:100B300020F0010040EA03007047490040EB00004C
:100B4000013A28BFB0F5000FEDD2B0FA80FCACF14D
:100B5000080CB2EB0C0200FA0CF0AABF00EBC2507A
:100B600052421843BCBFD0401843704792F0000F68
:100B700081F4000106BF80F400000132013BB5E7BB
:100B80004FEA41037FEA226C18BF7FEA236C21D031
:100B900092EA030F04D092F0000F08BF0846704796
:100BA00090EA010F1CBF0020704712F07F4F04D164
:100BB000400028BF40F00040704712F100723CBF77
:100BC00000F50000704700F0004343F0FE4040F4A1
:100BD000000070477FEA226216BF08467FEA23635F
:100BE0000146420206BF5FEA412390EA010F40F44A
:100BF000800070474FF0000304E000BF10F0004396
:100C000048BF40425FEA000C08BF704743F096437C
:100C100001464FF000001CE050EA010208BF704797
:100C20004FF000030AE000BF50EA010208BF70471E
:100C300011F0004302D5404261EB41015FEA010C33
:100C400002BF84460146002043F0B64308BFA3F12B
:100C50008053A3F50003BCFA8CF2083AA3EBC2530D
:100C600010DB01FA02FC634400FA02FCC2F120022C
:100C7000BCF1004F20FA02F243EB020008BF20F063
:100C80000100704702F1200201FA02FCC2F12002C9
:100C900050EA4C0021FA02F243EB020008BF20EABE
:100CA000DC7070474FF0FF0C1CEAD0521EBF1CEAEC
:100CB000D15392EA0C0F93EA0C0F6FD01A4480EADA
:100CC000010C400218BF5FEA41211ED04FF00063C3
:100CD00043EA501043EA5111A0FB01310CF00040EF
:100CE000B1F5000F3EBF490041EAD3715B0040EA15
:100CF000010062F17F02FD2A1DD8B3F1004F40EBE5
:100D0000C25008BF20F00100704790F0000F0CF0B7
:100D1000004C08BF49024CEA502040EA51207F3A7B
:100D2000C2BFD2F1FF0340EAC250704740F4000056
:100D30004FF00003013A5DDC12F1190FDCBF00F047
:100D400000407047C2F10002410021FA02F1C2F1F5
:100D5000200200FA02FC5FEA310040F1000053EA91
:100D60004C0308BF20EADC70704792F0000F00F0DF
:100D7000004C02BF400010F4000F013AF9D040EAE5
:100D80000C0093F0000F01F0004C02BF490011F479
:100D9000000F013BF9D041EA0C018FE70CEAD15377
:100DA00092EA0C0F18BF93EA0C0F0AD030F0004CF7
:100DB00018BF31F0004CD8D180EA010000F00040AB
:100DC000704790F0000F17BF90F0004F084691F069
:100DD000000F91F0004F14D092EA0C0F01D14202A3
:100DE0000FD193EA0C0F03D14B0218BF084608D16C
:100DF00080EA010000F0004040F0FE4040F40000B6
:100E0000704740F0FE4040F4400070474FF0FF0C48
:100E10001CEAD0521EBF1CEAD15392EA0C0F93EA8F
:100E20000C0F69D0A2EB030280EA010C49024FEAE1
:100E3000402037D04FF0805343EA111143EA10139A
:100E40000CF000408B4238BF5B0042F17D024FF452
:100E5000000C8B4224BF5B1A40EA0C00B3EB510F2D
:100E600024BFA3EB510340EA5C00B3EB910F24BF16
:100E7000A3EB910340EA9C00B3EBD10F24BFA3EB9B
:100E8000D10340EADC001B0118BF5FEA1C1CE0D163
:100E9000FD2A3FF650AF8B4240EBC25008BF20F016
:100EA000010070470CF0004C4CEA50207F32C2BF6A
:100EB000D2F1FF0340EAC250704740F400004FF007
:100EC0000003013A37E792F0000F00F0004C02BF38
:100ED000400010F4000F013AF9D040EA0C0093F002
:100EE000000F01F0004C02BF490011F4000F013B5C
:100EF000F9D041EA0C0195E70CEAD15392EA0C0FC4
:100F000008D142027FF47DAF93EA0C0F7FF470AFFB
:100F1000084676E793EA0C0F04D14B023FF44CAF3E
:100F200008466EE730F0004C18BF31F0004CCAD1D3
:100F300030F000427FF45CAF31F000437FF43CAF0F
:100F40005FE700BF4FF0FF3C06E000BF4FF0010C31
:100F500002E000BF4FF0010C4DF804CD4FEA400213
:100F60004FEA41037FEA226C18BF7FEA236C11D05D
:100F700001B052EA530C18BF90EA010F58BFB2EB10
:100F8000030088BFC81738BF6FEAE17018BF40F090
:100F9000010070477FEA226C02D15FEA402C05D144
:100FA0007FEA236CE4D15FEA412CE1D05DF8040BC9
:100FB000704700BF844608466146FFE70FB5FFF75C
:100FC000C9FF002848BF10F1000F0FBD4DF808ED14
:100FD000FFF7F4FF0CBF012000205DF808FB00BF05
:100FE0004DF808EDFFF7EAFF34BF012000205DF85F
:100FF00008FB00BF4DF808EDFFF7E0FF94BF0120AC
:1010000000205DF808FB00BF4DF808EDFFF7D2FFA8
:1010100094BF012000205DF808FB00BF4DF808EDEB
:10102000FFF7C8FF34BF012000205DF808FB00BFB8
:101030004FEA4002B2F1FE4F0FD34FF09E03B3EBE5
:1010400012620DD94FEA002343F0004310F0004F25
:1010500023FA02F018BF404270474FF0000070477B
:1010600012F1610F01D1420205D110F0004008BF1A
:101070006FF0004070474FF00000704742000ED202
:10108000B2F1FE4F0BD34FF09E03B3EB126209D4C3
:101090004FEA002343F0004323FA02F070474FF079
:1010A0000000704712F1610F01D1420202D14FF0EE
:1010B000FF3070474FF00000704700BF80B584B02C
:1010C00000AFF860B9607A60B968F868FFF788FF28
:1010D0000346002B01D0BB6809E07968F868FFF788
:1010E0009DFF0346002B01D07B6800E0FB6818469B
:1010F0001037BD4680BD000080B582B000AF78607B
:101100000D497868FFF7CEFD03460C4A4FF0000109
:101110001846FFF7D3FF78604FF07C517868FFF7EF
:10112000B9FC03461846FFF7A9FF03469BB21846D1
:101130000837BD4680BD00BF00007A4400FF7F47EE
:1011400080B582B000AF786017497868FFF7AAFDD4
:101150000346164A4FF047411846FFF7AFFF786045
:101160004FF000017868FFF74FFF0346002B0BD0CC
:101170004FF07C517868FFF78DFC03461846FFF767
:1011800057FF03461BB20AE04FF07C517868FFF727
:101190007FFC03461846FFF74BFF03461BB2184679
:1011A0000837BD4680BD00BF00007A4400FEFF4600
:1011B00090B585B000AF78603B4B19467868FFF773
:1011C00023FF0346002B01D0384B69E0384B19460A
:1011D0007868FFF70FFF0346002B02D04FF00003A3
:1011E0005EE00023FB7356E0FB7B324A52F823306B
:1011F00019467868FFF7FEFE0346002B48D0FB7BBC
:1012000001332C4A52F8233019467868FFF7FCFE68
:101210000346002B3CD0FB7B0133264A52F8233097
:1012200019467868FFF734FC03461C46FB7B214ACD
:1012300052F82320FB7B01331E4951F82330194615
:101240001046FFF725FC034619462046FFF7DEFD52
:101250000346BB60FB7B0133174A52F82340FB7BFC
:10126000154A52F82320FB7B0133134951F82330F0
:1012700019461046FFF70CFC0346B9681846FFF7FD
:1012800011FD034619462046FFF704FC034607E01C
:10129000FB7B0133FB73FB7B112BA5D94FF00003C4
:1012A00018461437BD4690BD713D6A410000C842E2
:1012B0000000204114BC000860BC000880B586B066
:1012C00000AF7860396007F10C0300221A605A60A1
:1012D0009A607B68FB6001233B6107237B6107F118
:1012E0000C031946144803F07FFC0346002B01D081
:1012F00000231DE0104803F08BFA0346002B01D0B9
:10130000002315E005210C4803F05CFB0346002B8D
:1013100004D0094803F02AFB002309E0064803F043
:1013200057FC02463B681A60034803F01FFB012389
:1013300018461837BD4680BDC403002090B59FB045
:1013400000AF786039607B68002B02D03B68002BCF
:1013500001D1002393E1002387F877302EE00023AA
:10136000BB6007F1080319460620FFF7A7FF0346F5
:1013700083F00103DBB2002B03D1BB68B3F5805FC0
:1013800006D39D4B1B6801339B4A1360002376E113
:10139000BA6897F8773092B25B0078333B4423F811
:1013A0006C2C97F8773001331F2B02D8012003F003
:1013B00033F997F87730013387F8773097F877303B
:1013C0001F2BCCD9012387F8763040E097F8763090
:1013D0005B0078333B4433F86C3CA7F84E3097F809
:1013E000763087F8753014E097F87530013B97F840
:1013F00075205B0078333B4433F86C1C5300783322
:101400003B440A4623F86C2C97F87530013B87F86B
:10141000753097F87530002B0BD097F87530013B7D
:101420005B0078333B4433F86C3CB7F84E209A426B
:10143000DAD397F875305B0078333B44B7F84E2029
:1014400023F86C2C97F87630013387F8763097F8CC
:1014500076301F2BBAD9BA89684B1A80B7F84A2060
:10146000674B1A807B8A012B05D9B7F8443040F6C8
:10147000FD72934206D9604B1B6801335E4A1360CC
:101480000023FCE000233B67032387F86F300FE065
:1014900097F86F305B0078333B4433F86C3C1A4666
:1014A0003B6F13443B6797F86F30013387F86F3019
:1014B00097F86F301C2BEBD9386FFFF79BFB034677
:1014C00050491846FFF7A2FC0346BB664FF07C511B
:1014D000B86EFFF7DFFA03461846FFF7CFFD034665
:1014E0009AB2494B1A80494B49491846FFF78EFC7E
:1014F00003461946B86EFFF7D5FB03467B664FF0EF
:101500007E53796E1846FFF7CDFB03461A46414BD2
:1015100019461046FFF7BEFA03463B663E4B194696
:10152000386EFFF7B5FA03461A463C4B194610468B
:10153000FFF76CFC03461A46394B19461046FFF775
:10154000A7FA0346FB6501231C463649F86DFFF7F1
:1015500065FD0346002B01D100231C46E3B283F056
:101560000103DBB2002B10D101231C462E49F86D7C
:10157000FFF736FD0346002B01D100231C46E3B2E2
:1015800083F00103DBB2002B06D01B4B1B68013339
:10159000194A1360002372E0244AFB6D1360244B48
:1015A0001B7883F00103DBB2002B06D0214AFB6DD0
:1015B00013601F4B01221A7055E01E4B1B68194621
:1015C000F86DFFF765FA0346BB654FF00001B86D93
:1015D000FFF706FD0346002B03D0BB6D83F00043ED
:1015E00000E0BB6D7B651449786DFFF70DFD034688
:1015F000002B25D0114B25E0AC0200209E020020DC
:10160000A00200200000D0419C0200203333534050
:1016100000F07F45FED4F83D00002040CDCCCC3D0D
:10162000448B6C3F0000F0C10000F041A402002098
:1016300014020020100200209A99993E6666263F07
:101640004FF07A533B65B96D386DFFF72BFB0346BE
:101650001A460D4B1B6819461046FFF71BFA034646
:101660001A46094B1A60084B1B68084A1360064B60
:101670001A687B681A603B68FA6D1A600123184685
:101680007C37BD4690BD00BF10020020A80200209C
:1016900080B483B000AF03460A46FB711346BB71AA
:1016A000084AFB791370084ABB791370074B1B6813
:1016B0000133064A1360002318460C37BD4680BC30
:1016C000704700BF0000002060020020640200207C
:1016D00080B58CB004AF03463960FB71FB79032BF6
:1016E00002D83B68002B06D1FB7902211846FFF790
:1016F000CFFF0346B3E0FB799BB204339BB21B03DD
:101700009AB2594B1343BB8301233B74BB8B1B0A17
:101710009BB2DBB27B74BB8BDBB2BB7407F11002F4
:101720000F23009303239421504804F04FFA0346FB
:10173000002B06D0FB7901211846FFF7A9FF0346CD
:101740008DE002F05FFFB8610023FB770F23029367
:101750000223019307F1080300930123012294213E
:10176000424804F031FB0346002B06D0FB790221EE
:101770001846FFF78DFF034671E03B7A1BB21B0250
:101780001AB27B7A1BB213431BB2FB82FA8ABB8B61
:1017900053409BB203F4FC43002B06D0FB7902219B
:1017A0001846FFF775FF034659E0B7F91630002BCE
:1017B00002DA0123FB7709E0012002F02DFF02F09D
:1017C00021FF0246BB69D31A112BBFD9FB7F83F0DF
:1017D0000103DBB2002B06D0FB7903211846FFF78B
:1017E00057FF03463BE00F2302930223019307F1C7
:1017F0000C0300930123002294211C4804F0E4FA16
:101800000346002B06D0FB7904211846FFF740FF62
:10181000034624E03B7B1BB21B021AB27B7B1BB24C
:1018200013431AB23B681A803B68B3F90030002BAF
:101830000DDB3B68B3F9003047F6F772934206DCE4
:101840003B68B3F900309BB2B3F5CD4F06D3FB79BB
:1018500005211846FFF71CFF034600E00123184648
:101860002037BD4680BD00BF8383FFFFF403002007
:1018700090B58FB000AF7860002387F837302BE049
:10188000002387F836301EE097F8362097F83700A7
:1018900007F1080113465B00134403445B00CA18B8
:1018A00097F8363011461846FFF712FF034683F0CB
:1018B0000103DBB2002B01D00023EDE097F83630B6
:1018C000013387F8363097F83630032BDCD997F898
:1018D0003730013387F8373097F83730022BCFD9BC
:1018E000002387F83530CBE097F8352013465B00AE
:1018F00013445B0038333B44303B1B887B8697F8AE
:10190000352013465B0013445B0038333B442E3BC9
:101910001B883B8697F8352013465B0013445B0019
:1019200038333B442C3B1B88FB85B7F93220B7F991
:1019300030309A4205DD7B8EBB853B8E7B86BB8D2E
:101940003B86B7F93020B7F92E309A4205DD3B8E41
:101950007B85FB8D3B867B8DFB85B7F93220B7F904
:1019600030309A4205DD7B8E3B853B8E7B863B8DFE
:101970003B864FF48C73FB843A8E7B8ED31A9BB2DA
:10198000FA8C9A420ED2FA8D3B8ED31A9BB2FA8C05
:101990009A4207D297F8353006211846FFF778FEAD
:1019A000034679E0B7F93020B7F93230D21AB7F9E7
:1019B0002E10B7F93030CB1A9A4204DA3A8E7B8E69
:1019C000D31A9BB203E0FA8D3B8ED31A9BB2BB8431
:1019D000BB8C0433DA0897F8353091B2304A22F8DC
:1019E000131097F835302F493A8E21F81320B7F9A4
:1019F00030301846FFF702F903462B491846FFF727
:101A000051F903463B6297F83530284A52F82330A3
:101A1000396A1846FFF746F90346184697F83530F5
:101A2000234A52F823301946FFF73CF9034618467B
:101A300097F835301F4A52F823301946FFF732F92C
:101A40000346184697F835301B4A52F8231097F88A
:101A500035309B007A68D418FFF71CF803462360E2
:101A600097F835309B007A681A4497F83530126839
:101A7000124941F8232097F83530013387F8353083
:101A800097F83530032B7FF62FAF0D4B00221A70DD
:101A90000C4BFF221A70012318463C37BD4690BDFF
:101AA000740200206C0200206F120339D4BB0008BE
:101AB000E4BB0008F4BB000804BC00087C02002062
:101AC000600200200000002080B584B000AF034613
:101AD000FB804FF6E073FB81FA88FB891340BB81E2
:101AE000B7F90C30002B03DABB89A3F5803300E093
:101AF000BB89BB60B868FFF781F803464FF06E51B1
:101B00001846FFF7CFF8034618461037BD4680BD8C
:101B100080B588B000AFF860B9607A60B968F868DD
:101B2000FFF77CFA0346002B05D0FB68FB61BB681E
:101B3000FB60FB69BB607968B868FFF76FFA034622
:101B4000002B05D0BB68BB617B68BB60BB697B6059
:101B5000B968F868FFF762FA0346002B05D0FB6806
:101B60007B61BB68FB607B69BB60BB681846203744
:101B7000BD4680BD80B400AF0A4B00221A700A4BEC
:101B800000221A70094B00221A70094B00221A70A9
:101B9000084B1B680133074A136000BFBD4680BC79
:101BA000704700BF34020020350200203C020020B4
:101BB0004F0200205C02002080B582B000AF0346D7
:101BC000FB710E4AFB7913700D4B1B6801330C4AF5
:101BD00013600C4B1B78002B0AD002F013FD024659
:101BE000094B1B68D31AB3F57A7F01D3FFF7C2FF05
:101BF000002318460837BD4680BD00BF4E020020B6
:101C0000540200203C0200205802002090B593B0FE
:101C100004AF78607B68002B04D10120FFF7CCFF74
:101C200003469DE100233B820023FB73012387F8D9
:101C30003730002387F83630002387F8353038E016
:101C40000F2302930223019307F110030093012352
:101C500000229021A34804F0B7F80346002B03D0DC
:101C6000012387F8373017E00F23029301230193F4
:101C700007F10F030093012301229021994804F0FA
:101C8000A3F80346002B03D0022387F8373003E084
:101C9000012387F8363010E097F835300133012BF7
:101CA00002D8022002F0B8FC97F83530013387F8EB
:101CB000353097F83530012BC2D997F8363083F09C
:101CC0000103DBB2002B06D097F837301846FFF738
:101CD00073FF034644E1FB7B03F00103002B04D0B8
:101CE0000320FFF769FF03463AE13B7C1BB21B026E
:101CF0001AB27B7C1BB213431BB2FB85FB8D1846CB
:101D0000FFF7E2FEB86201231C467749B86AFFF785
:101D10007BF90346002B01D100231C46E3B283F07C
:101D20000103DBB2002B10D101231C466F49B86AB6
:101D3000FFF760F90346002B01D100231C46E3B2F4
:101D400083F00103DBB2002B04D00420FFF734FF43
:101D5000034605E14FF00001B86AFEF79BFE03461B
:101D60007B6201231C466049786AFFF74DF9034600
:101D7000002B01D100231C46E3B283F00103DBB248
:101D8000002B10D101231C465849786AFFF732F91D
:101D90000346002B01D100231C46E3B283F001036C
:101DA000DBB2002B04D00420FFF706FF0346D7E088
:101DB00002F028FC38624E4B1B78002B08D04D4BAC
:101DC0001B683A6AD31AB3F57A7F01D3FFF7D2FEC4
:101DD000494AFB8D1380494A7B6A1360454A3B6A36
:101DE0001360474B1B680133454A1360454B002283
:101DF0001A70454B1B781946444A7B6A42F82130D9
:101E0000414B1B78591C424BA3FB01235A08134634
:101E10005B001344CA1AD2B23B4B1A703D4B1B787D
:101E2000022B05D83B4B1B780133DAB2394B1A70C1
:101E3000384B1A78384B1A707B6A3B63354B1B78EA
:101E4000022B10D1314B1B68304A5268114618469C
:101E5000FEF720FE03464FF07C511846FEF722FFA6
:101E600003463B630DE02B4B1B78032B09D1274B1B
:101E70001B68264A5168254A92681846FFF748FEB3
:101E80003863264A3B6B1360194B1B7883F00103C0
:101E9000DBB2002B06D0224A3B6B1360144B0122AD
:101EA0001A7054E01E4B1B681946386BFEF7F0FDA4
:101EB0000346FB614FF00001F869FFF791F8034614
:101EC000002B03D0FB6983F0004300E0FB69BB619A
:101ED0004FF08041B869FFF797F80346002B23D0F5
:101EE000104B23E0F403002000005CC20000FA4223
:101EF0003C020020580200204C020020400200203A
:101F0000500200204E02002035020020280200204E
:101F1000ABAAAAAA340200204F02002044020020EB
:101F2000380200203333333F4FF07A537B61F96935
:101F30007869FEF7B7FE03461A460B4B1B68194635
:101F40001046FEF7A7FD03461A46074B1A60064BDC
:101F50001B68064A1360044B1A687B681A600123E9
:101F600018463C37BD4690BD38020020480200208C
:101F700080B582B000AF0346FB71FB79002B01D026
:101F8000012200E000220B4B1A70FB791A468021D7
:101F9000094803F08EFCFB7983F00103DBB21A469B
:101FA0004FF40051054803F084FC00BF0837BD46DC
:101FB00080BD00BFF4010020000801400010014076
:101FC00080B500AF034B01221A700020FFF7D0FF4D
:101FD00000BF80BDF501002080B500AF124B1B682B
:101FE0000133114A1360114B1B78DBB2002B03D075
:101FF0000020FFF7BDFF15E00D4B1B78DBB2002B77
:1020000007D10C4B1B78DBB283F00103DBB2002B52
:1020100005D0094B1B680133074A136002E0012019
:10202000FFF7A6FF80BD00BFD0020020F401002012
:10203000F5010020F6010020D4020020B0B598B0D0
:1020400000AF786007F1380300221A605A609A6086
:10205000DA601A615A614FF000037B614FF00003B0
:102060003B614FF00003FB6007F128031846FFF7C0
:10207000FFFB034687F85F3007F1100207F11403F6
:1020800011461846FFF75AF9034687F85A3007F108
:102090000C031846FFF7BAFD034687F8593097F846
:1020A0005F30002B76D0BB6ABB61FB6ABA6A11460F
:1020B0001846FEF7EDFC0346FB613B6BFA6A1146DE
:1020C0001846FEF7E5FC03463B627B6B3A6B114614
:1020D0001846FEF7DDFC03467B627B6B8C49184695
:1020E000FEF77EFF0346002B07D17B6B894918461C
:1020F000FEF794FF0346002B02D0002387F85F30E1
:10210000002387F85E3030E097F85E3097F85E2065
:102110009B0060333B4453F8483C7F4941F82230F0
:1021200097F85E309B0060333B4453F8483C4FF0D7
:102130007F511846FEF754FF0346002B0DD197F848
:102140005E309B0060333B4453F8483C734918466B
:10215000FEF764FF0346002B02D0002387F85F30B0
:1021600097F85E30013387F85E3097F85E30032BC6
:10217000CAD997F85F3083F00103DBB2002B04D09B
:102180000721FF20FFF784FA04E0654B1B68013349
:10219000634A136097F85F30002B05D097F85A30E8
:1021A000002B01D0012300E0002303F00103DAB289
:1021B0005C4B1A705B4B1B78DBB283F00103DBB224
:1021C000002B01D0FFF7FCFE97F85F30002B00F0EA
:1021D000F480554B1B7883F00103DBB2002B1CD03D
:1021E000002387F85D3010E097F85D3097F85D20A8
:1021F0009B0060333B4453F8383C4C4941F8223053
:1022000097F85D30013387F85D3097F85D30032B28
:10221000EAD9454B01221A7034E0002387F85C307C
:102220002CE097F85C30414A52F8235097F85C3024
:102230009B0060333B4453F8382C97F85C303B49A3
:1022400051F8233019461046FEF722FC03461A4681
:10225000374B19461046FEF725FD034697F85C40BC
:1022600019462846FEF716FC03461A462F4B43F83C
:10227000242097F85C30013387F85C3097F85C30A5
:10228000032BCED9294B1B682A4A1360274B5B6866
:10229000264A126811461846FEF7FAFB03461A460C
:1022A000254B1A60214B9B68204A526811461846FC
:1022B000FEF7EEFB03461A46204B1A601B4BDB6809
:1022C0001A4A926811461846FEF7E2FB03461A4680
:1022D0001B4B1A60154BDB681A4A1360002387F802
:1022E0005B3045E097F85B30002B2DD097F85B30E2
:1022F000012B09D097F85B30022B02D10F4B1B68E2
:1023000024E00F4B1B6821E00B4B1B681EE000BF55
:102310000000E040000090418C020020000090404E
:1023200068020020F601002015020020180200209B
:10233000CDCC4C3EF8010020FC0100200002002022
:1023400004020020080200209F4B1B687B6597F861
:102350005B40786DFEF7D0FE03461A46630060339B
:102360003B4423F8282C97F85B30013387F85B3027
:1023700097F85B30032BB5D9944B1B681846FEF7D2
:10238000BBFE0346A7F8403097F8493043F00103FD
:10239000DBB287F849307B6B8D491846FEF73EFE6D
:1023A0000346002B07D17B6B8A491846FEF718FEBF
:1023B0000346002B01D0FFF703FE97F85A30002B9D
:1023C00011D07B69844A1360834B1B681846FEF763
:1023D000B7FE0346A7F8423097F8493043F00803A8
:1023E000DBB287F8493097F85930002B34D0FB68BE
:1023F0004FF000011846FEF707FE0346002B11D0F0
:10240000FB6876491846FEF74DFC03464FF07C51B9
:102410001846FEF73FFB03461846FEF709FE034643
:102420001BB210E0FB686D491846FEF73BFC034603
:102430004FF07C511846FEF72BFB03461846FEF77B
:10244000F7FD03461BB2A7F8463097F8493043F032
:102450000203DBB287F8493097F85F30002B00F0B9
:10246000928097F85A30002B00F08D805C4B1B78DF
:1024700083F00103DBB2002B13D07B6842F20F72B2
:1024800093420ED9514B1B681846FEF791FE034646
:10249000544A1360524B01221A70534A7B681360EE
:1024A0003BE04F4B1B78002B37D04F4B1B687A68B3
:1024B000D31A3B654C4A7B6813604A4B1C68386DE5
:1024C000FEF798FB02463B6919461046FEF7EAFB09
:1024D00003461D46454B46491846FEF7E3FB0346B7
:1024E00019462846FEF792FC03463C491846FEF77B
:1024F000D9FB034619462046FEF7CAFA03461A4698
:10250000384B1A60374B1B68344A4FF000011846AD
:10251000FEF7D4FD0346334A13607B6B2C49184603
:10252000FEF77CFD0346002B02D02E4B2B4A1A608F
:102530007B6B28491846FEF753FD0346002B03D05A
:10254000284B4FF000021A60254B1B78002B1AD045
:10255000244B1B6821491846FEF7A4FB03464FF0A5
:102560007C511846FEF796FA03461846FEF786FD9C
:1025700003469BB2A7F8443097F8493043F0040370
:10258000DBB287F849301B4B1B78DBB287F8483049
:10259000194B1B78DBB2002B06D097F8493043F07B
:1025A0001003DBB287F849307B68FB64134B1D4690
:1025B00007F138040FCC0FC594E8030085E8030049
:1025C00000BF6037BD46B0BDF80100200802002002
:1025D000CDCC6841CDCC1441100200200000C8428F
:1025E000B00200200C020020B40200200000704164
:1025F00000BA5B4AF4010020F5010020B802002077
:1026000080B500AF0020FFF7B3FC00F0BFF8164B19
:1026100000221A60154B00221A60002000F0EAF92F
:1026200003461A46124B1A70124802F071FC034618
:10263000002B01D001F014FD01F0E4FF0346184621
:1026400000F05AFF0C4801F029F90346002B01D095
:1026500001F006FD094805F0EBF80346002B01D018
:1026600001F0FEFC00BF80BDD0020020D40200209B
:1026700001000020C4030020900400204804002032
:1026800080B582B000AF01F0BDFF7860264B1B78AB
:1026900083F00103DBB2002B06D07B68FA3B234AB0
:1026A0001360214B01221A70204B1B687A68D31AE1
:1026B000F92B05D91D4A7B6813607868FFF7BEFCCB
:1026C000002000F097F903461A46194B1A7001E0F2
:1026D000FFF782FC002000F05BF90346002BF7D1E6
:1026E000144B1B78DAB2144B1A74144B1B78DBB200
:1026F000002B06D0104B5B7C43F01003DAB20E4B7C
:102700005A7401F07FFF034619460B4801F0A0F907
:1027100001F078FF034601221946074800F05CFFEC
:1027200000BF0837BD4680BDD8020020DC02002073
:1027300001000020F4010020B8020020F501002073
:1027400080B582B000AF78607B681B68B3F1804FC2
:1027500001D100F085F800BF0837BD4680BD80B5C7
:1027600082B000AF7860786801F0BAF800BF08372F
:10277000BD4680BD80B582B000AF7860786801F05A
:102780003FF900BF0837BD4680BD000080B582B06C
:1027900000AF0023FB714EE0FA7913465B0013444F
:1027A0009B00294A13443B600123BB713B681B7AA1
:1027B000002B11D03B681B68002B0DD03B689B8819
:1027C000002B09D03B681A683B689B881946104665
:1027D00003F058F80346BB71FA791C4913465B00B5
:1027E00013440B44BA791A70FA79184913465B00FE
:1027F00013440B440133BA791A70FA79134913461A
:102800005B0013440B44023300221A70FB79104919
:10281000BA79CA54FB790F4A002142F82310FB7998
:102820000D4A002142F82310FB790C4A0021D154B3
:10283000FB790133FB71FB79032BADD900BF00BFDE
:102840000837BD4680BD00BFACBC0008E0020020D8
:1028500010030020EC020020FC0200200C030020EA
:1028600080B584B000AF0023FB737CE0FA7B134695
:102870005B0013449B00404A1344BB60FA7B134641
:102880005B0013443D4A13447B60BB681B7A83F0B2
:102890000103DBB2002B60D1BB681B68002B5CD04E
:1028A000BB689B88002B58D0BB681A68BB689B88A4
:1028B0001946104602F0E6FF0346FB707B681B7862
:1028C000FA789A4206D07B68FA781A707B68002200
:1028D0009A7045E07B689A78BB68DB799A4205D2AA
:1028E0007B689B780133DAB27B689A707B689A7850
:1028F000BB68DB799A4232D37B685B78FA789A427C
:102900002DD07B68FA785A70FB7B1D49FA78CA543F
:10291000BB689B79FA789A4222D1FB7B194A52F81C
:1029200023200132174941F82320FB7B164AD35C50
:10293000DBB2FF2B08D0FB7B134AD25CD2B2013250
:10294000D1B2114AD1540BE0FB7B104A52F823203C
:1029500001320E4941F8232002E000BF00E000BF31
:10296000FB7B0133FB73FB7B032B7FF67FAF00BF49
:1029700000BF1037BD4680BDACBC0008E00200209F
:1029800010030020EC0200200C030020FC020020B9
:1029900080B487B000AF0346FB71FB79032B01D9EC
:1029A000002320E0EFF31083FB60FB687B6172B6CD
:1029B00000BFFB790E4AD35CDBB2002B14BF0123AE
:1029C0000023FB74FB7C002B07D0FB79084AD25C08
:1029D000D2B2013AD1B2064AD1547B69002B01D15F
:1029E00062B600BFFB7C18461C37BD4680BC7047F2
:1029F0000C03002080B483B000AF0346FB71FB7969
:102A0000032B01D9012303E0FB79044AD35CDBB239
:102A100018460C37BD4680BC704700BF100300202D
:102A200080B500AF5022FF21024806F059FF00BFD9
:102A300080BD00BF1803002080B500AF0523012230
:102A40004E21054803F034FC0346002B0CBF012344
:102A50000023DBB2184680BDF403002080B500AF30
:102A6000124803F083F8124B1B69114A43F4001318
:102A70001361012001F0D0FD0D4B1B690C4A23F4BA
:102A800000131361012001F0C7FD084802F02AFF7E
:102A90000346002B01D0002305E0064B1B680133E1
:102AA000044A13600123184680BD00BFF4030020D0
:102AB000001002408C03002080B582B000AF786027
:102AC000074B00221A70074B00221A70064A7B68D7
:102AD0001360FFF7A5FF00BF0837BD4680BD00BFEC
:102AE00014030020800300207403002080B582B00E
:102AF00000AF78600B46FB70FFF79EFF034683F044
:102B00000103DBB2002B2CD0354B1B680133344A58
:102B10001360344B1B78FF2B05D0324B1B780133ED
:102B2000DAB2304B1A702F4B1B78012B14D9FFF7F8
:102B300095FF034683F00103DBB2002B07D1FFF7BB
:102B40007BFF034683F00103DBB2002B09D07868DA
:102B5000FFF7B2FF00233EE07868FFF7ADFF0023E8
:102B600039E001F087F800F0A1F8FFF765FF0346B0
:102B700083F00103DBB2002B13D0194B1B68013328
:102B8000174A1360174B1B78FF2B05D0154B1B788A
:102B90000133DAB2134B1A707868FFF78DFF002308
:102BA00019E0114B01221A70104B01221A700D4BC3
:102BB00000221A700E4A7B6813600E4A7B6813600D
:102BC000FFF72EFFFB78002B04D00B4B1B68013363
:102BD000094A1360012318460837BD4680BD00BF6F
:102BE000840300201703002014030020800300202A
:102BF0007C030020780300208803002080B582B089
:102C000000AF7860FFF718FF0346002B04D00E4B8F
:102C100000221A70012312E00C4B1B6801330B4A8F
:102C20001360094B1B78FF2B05D0074B1B78013332
:102C3000DAB2054B1A707868FFF73EFF002318469A
:102C40000837BD4680BD00BF170300208403002065
:102C500080B584B000AF03463960FB71FB79072B68
:102C60001FD83B68002B1CD0FB79DB00DBB243F0A4
:102C70004003DBB2184600F09DFF0023FB730CE01D
:102C8000FB7B3A6813441B7803F01F03DBB2184642
:102C900000F0C0FFFB7B0133FB73FB7B072BEFD9FD
:102CA00000E000BF1037BD4680BD000080B584B095
:102CB00000AF0123FB7323E0FB7BC3F105031F225D
:102CC00002FA03F3DBB203F01F037B730023BB7331
:102CD00008E0BB7B10333B447A7B03F80C2CBB7BB6
:102CE0000133BB73BB7B072BF3D9FB7B013BDBB20F
:102CF0003A1D11461846FFF7ABFFFB7B0133FB7310
:102D0000FB7B052BD8D906490520FFF7A1FF054914
:102D10000620FFF79DFF00BF1037BD4680BD00BFF6
:102D2000DCBC0008E4BC000880B582B000AF78606D
:102D300014222021786806F0D3FD00BF0837BD4675
:102D400080BD80B485B000AFF8600B467A60FB723E
:102D5000FB68002B19D07B68002B16D0FB7A132B55
:102D600013D80AE07B685A1C7A60FA7A511CF9720F
:102D70001146FA680A441B7813707B681B78002B95
:102D800004D0FB7A132BEDD900E000BF1437BD4609
:102D900080BC704780B584B000AF03463960FB71DA
:102DA000FB79032B34D83B68002B31D0FA791346DA
:102DB0009B0013449B00194A134414223968184697
:102DC00006F07EFD0346002B24D0FB790133002161
:102DD000184600F081FF0023FB7309E0FB7B3A6893
:102DE00013441B78184600F015FFFB7B0133FB737F
:102DF000FB7B132BF2D9FA7913469B0013449B00FB
:102E0000064A134414223968184606F0F6FD02E01B
:102E100000BF00E000BF1037BD4680BD1803002092
:102E200080B588B000AF78607B68384AA2FB032386
:102E30005B09FB77FB7F0A2B01D90A23FB7707F19C
:102E400008031846FFF770FF07F10803304A002116
:102E50001846FFF776FF07F1080319460020FFF731
:102E600099FF07F108031846FFF75EFF05237B7300
:102E700007F10803274A07211846FFF762FF07F109
:102E8000080319460120FFF785FF07F108031846DC
:102E9000FFF74AFF07F108031F4A02211846FFF710
:102EA00050FF07F1080319460220FFF773FF07F1EF
:102EB00008031846FFF738FF07F10803174A0021F7
:102EC0001846FFF73EFF0023BB770FE0BA7FFB7F7A
:102ED0009A4201D2232200E02D22BB7F0633203309
:102EE0003B4403F8182CBB7F0133BB77BB7F092B16
:102EF000ECD95D233B7607F1080319460320FFF761
:102F000049FF00BF2037BD4680BD00BFB5814E1BC5
:102F1000C8BA0008E0BA0008E8BA0008FCBA00081D
:102F200080B588B000AF786039607868FFF7FCFE44
:102F30003D4A00217868FFF704FF7B680E335D226D
:102F40001A707B680F3320221A703B685B7C03F099
:102F50000403002B05D03B689B8942F21072934218
:102F600005D9324A10217868FFF7EBFE59E03B683B
:102F70009B8932332E4AA2FB03235B097B833B6888
:102F80009B891A4613465B0013441A01D31A03F5B2
:102F90009C530833274AA2FB03235B0BFB83FB8B69
:102FA0002D2B01D92D23FB8300237B7728E00023E1
:102FB0003B777B7F9BB21A46920013443B83FA8B8C
:102FC0003B8B9A420BD9FA8B3B8BD31AFB82FB8A41
:102FD000052B02D8FB8ADBB200E005233B773B7F61
:102FE000002B03D03B7F013BD9B200E020217B7F47
:102FF00005337A6813440A461A707B7F01337B7766
:103000007B7F082BD3D97B8B07F10C000A4A082160
:1030100006F0DCFB07F10C031A4610217868FFF775
:1030200090FE2037BD4680BD04BB00080CBB0008E5
:103030001F85EB515917B7D114BB000880B588B074
:1030400002AF786039603B685B7C03F00203002BC1
:1030500005D11C4A0C21786806F0B8FB2FE03B68CC
:10306000B3F90E307B617B69002B01DA164B00E06F
:10307000164B3B617B69002B02DA7B695B427B610B
:103080007B6905331A46124BA3FB0223DB08FB6066
:10309000FB680F4AA2FB0323D808F9680C4BA3FB7B
:1030A0000123DA0813469B0013445B00CA1A0192FD
:1030B00000903B69074A0C21786806F087FB1837B7
:1030C000BD4680BD1CBB000824BB000828BB00080F
:1030D000CDCCCCCC2CBB000880B582B000AF7860E2
:1030E00039607868FFF720FE7B6805221A70104A65
:1030F00002217868FFF725FE3B685B7C03F0100334
:10310000002B05D00B4A10217868FFF71AFE0BE060
:103110003B681B7C002B01D0074B00E0074B1A4695
:1031200010217868FFF70DFE00BF0837BD4680BD4F
:1031300038BB000844BB00084CBB000854BB000867
:10314000B0B58CB002AF786039607868FFF7ECFDFD
:103150003B685B7C03F00103002B28D03B681B8994
:103160003C4AA2FB03239B099BB21C463B681B897C
:10317000384AA2FB031292094FF47A7101FB02F262
:103180009B1A9BB2344AA2FB0323DB089BB207F1D4
:103190000C0000932346314A162106F017FB07F175
:1031A0000C031A4600217868FFF7CBFD04E02C4A97
:1031B00000217868FFF7C5FD3B685B7C03F00803DE
:1031C000002B3ED03B68B3F90A307B627B6A002B50
:1031D00001DA2D2300E02B2387F823307B6A002BB4
:1031E00002DA7B6A5B427B6297F823407B6A194A6A
:1031F00082FB03129211DB17D31A1D467A6A154B14
:1032000083FB02139911D317CB1A4FF47A7101FB88
:1032100003F3D31A134A82FB03129210DB17D31A5B
:1032200007F10C000193009523460F4A162106F082
:10323000CDFA07F10C031A460A217868FFF781FDE1
:1032400004E00A4A0A217868FFF77BFD00BF2837AF
:10325000BD46B0BDD34D6210CDCCCCCC5CBB00081C
:103260006CBB00086766666678BB000888BB000810
:1032700080B586B000AF786039607868FFF754FD9C
:103280007B6806221A7007F10C0339681846FFF7AD
:10329000D5FE07F10C031A4602217868FFF751FDAD
:1032A0003B681B7C002B01D0054B00E0054B1A4608
:1032B0000C217868FFF745FD00BF1837BD4680BD7B
:1032C00094BB00089CBB000880B586B000AF786056
:1032D00039607868FFF728FD7B6806221A7007F1CD
:1032E0000C0339681846FFF7A9FE07F10C031A46CC
:1032F00002217868FFF725FD124A0B217868FFF755
:1033000020FD3B685B7C03F01003002B05D00E4AC8
:1033100011217868FFF715FD10E03B685B7C03F036
:103320000103002B05D0094A11217868FFF709FD38
:1033300004E0074A11217868FFF703FD00BF183742
:10334000BD4680BDA4BB0008ACBB0008B0BB0008F4
:10335000B4BB000890B58DB002AFF860B9601346F9
:10336000FB71F868FFF7E0FC002387F8273054E092
:10337000FA7997F82730134487F8263097F82730E2
:10338000002B01D1002300E00A2387F82530BB6819
:103390005B7C03F00103002B29D097F82620BB6843
:1033A00033F812307B8497F82630591C7B8C1F4AE7
:1033B000A2FB03239B099BB21C467B8C1B4AA2FBEE
:1033C000030292094FF47A7000FB02F29B1A9BB23F
:1033D000174AA2FB0323DB089BB207F114000193F9
:1033E00000940B46134A0E2106F0F0F908E097F816
:1033F0002630013307F114000F4A0E2106F0E6F9DA
:1034000007F1140297F825301946F868FFF799FC80
:1034100097F82730013387F8273097F82730012BAA
:10342000A6D900BF00BF2C37BD4690BDD34D62105A
:10343000CDCCCCCCB8BB0008C8BB000880B588B0E8
:1034400000AF78602B4B1B78002B06D107F10C03E3
:1034500079681846FFF740FE05E007F10C0379682C
:103460001846FFF731FF07F10C0319460020FFF75C
:1034700091FC07F10C0379681846FFF751FD07F13D
:103480000C0319460120FFF785FC1A4B1B78002B13
:1034900006D107F10C0379681846FFF751FE06E0E4
:1034A00007F10C03002279681846FFF753FF07F174
:1034B0000C0319460220FFF76DFC0E4B1B78002B06
:1034C00006D107F10C0379681846FFF7D1FE06E034
:1034D00007F10C03022279681846FFF73BFF07F15A
:1034E0000C0319460320FFF755FC00BF2037BD46EB
:1034F00080BD00BF1603002080B582B000AF7860A9
:10350000264B00221A70264B00221A70254B0022EF
:103510001A70254B00221A70244A7B6813607B685E
:10352000FA3B234A1360234A7B6813607B68A3F548
:103530007A73214A1360214A7B681360204A7B68B2
:103540001360204B00221A701F4B00221A601F4B81
:1035500000221A601E4B00221A601E4B00221A60C5
:10356000FFF75EFA00217868FFF7C0FA034683F0A0
:103570000103DBB2002B0CD10020FFF751FC01F05E
:1035800041F80346094A1360084B1B68084A136058
:1035900000E000BF0837BD4680BD00BF1403002017
:1035A00015030020160300201703002068030020E5
:1035B0006C030020700300207403002078030020B7
:1035C0007C03002080030020840300208803002067
:1035D0008C0300209003002080B586B000AFF86017
:1035E000B9601346FB71FB68002B00F0E3807A4B57
:1035F0001B78002B2BD1794B1B68BA68D31AB3F513
:103600007A7FC0F0D980754ABB6813600121B86821
:10361000FFF76CFA034683F00103DBB2002B40F0A6
:10362000CD806F4B1B78002B0AD16E4B1B68BA689C
:10363000D31A1846FFF7F4FB6B4ABB681360C8E067
:10364000F868FFF7FBFE684ABB681360C1E0674B90
:103650001B68BA68D31A47F22F52934222D901212C
:10366000B868FFF743FA034683F00103DBB2002B8F
:1036700040F0A6805E4B1B6801335D4A1360584BD7
:103680001B78002B03D0F868FFF7D8FE06E0554BF7
:103690001B68BA68D31A1846FFF7C2FB524ABB68C8
:1036A000136096E04E4B1B78002B3DD14D4B1B68B1
:1036B000BA68D31A40F6B73293428CBF0123002375
:1036C000FB75FB7D83F00103DBB2002B05D1FB7999
:1036D00083F00103DBB2002B19D0434B1B68BA689F
:1036E000D31AF92B6ED9404ABB681360B868FFF74C
:1036F00085FA034683F00103DBB2002B64D1394B1A
:103700001B68BA68D31A1846FFF78AFB5AE0344B95
:1037100001221A70BB68A3F57A73334A1360354AE5
:10372000BB681360FFF77CF9334B1B78002B02D189
:1037300041F2707301E04FF47A633B612D4B1B68DB
:10374000BA68D31A3A699A4210D82B4B1B7883F087
:103750000103DAB2284B1A70264ABB681360BB68B3
:10376000A3F57A73204A1360FFF75AF9234B1B68BD
:10377000BA68D31A41F28732934204D91F4ABB6810
:103780001360FFF74DF9184B1B68BA68D31AB3F5ED
:103790007A7F1BD3144ABB681360B868FFF72EFA10
:1037A000034683F00103DBB2002B11D1F868FFF769
:1037B00045FE0EE000BF0CE000BF0AE000BF08E0DD
:1037C00000BF06E000BF04E000BF02E000BF00E071
:1037D00000BF1837BD4680BD1403002074030020CD
:1037E00015030020680300206C0300207C030020E8
:1037F00090030020700300201603002078030020AF
:1038000080B485B000AF78600B46FB700023FB737B
:103810000023BB7321E0BB7B7A6813441A78FB7BDF
:103820005340FB7300237B7311E097F90F30002B9B
:1038300006DAFB7B5B00DBB283F00703DBB202E05E
:10384000FB7B5B00DBB2FB737B7B01337B737B7B9E
:10385000072BEAD9BB7B0133BB73BA7BFB789A4257
:10386000D9D3FB7B18461437BD4680BC704780B463
:1038700083B000AF78600B467B807B88DAB27B68D0
:103880001A707B881B0A9AB27B680133D2B21A7015
:1038900000BF0C37BD4680BC7047000080B582B0C9
:1038A00000AF78600A4A7B6813600A4B00221A70E6
:1038B000094B00221A70064B1B6801220749184663
:1038C00004F033FC034618460837BD4680BD00BFF0
:1038D00094030020C0030020C103002098030020AF
:1038E00080B584B000AF78603E4B1B68002B74D06D
:1038F0003C4B1B687A689A426FD13B4B1B78BB7379
:103900003A4B1B78FB73FB7B002B0AD1BB7BAA2BAA
:1039100058D1FB7B5A1CFA731946354ABB7B53546A
:1039200050E0FB7B232B01D90023FB73FB7B002B97
:1039300006D0FB7B5A1CFA7319462D4ABB7B5354A5
:10394000FB7B032B05D12A4B9B78202B01D900232D
:10395000FB73FB7B022B35D9254B9B780433DBB201
:10396000FA7B9A422ED1224B9B787B73204B5B785B
:10397000002B25D17B7B032B22D11D4BDB78012B28
:103980001ED17B7B0233DBB219461A48FFF738FFA2
:10399000034619467B7B0333154AD35C99420FD10A
:1039A000134B1B791AB2124B5B791BB21B021BB271
:1039B00013431BB29AB2104B1A80104B01221A709B
:1039C0000023FB73094AFB7B1370064B1B68012223
:1039D0000549184604F0A9FB00E000BF1037BD46BA
:1039E00080BD00BF9403002098030020C003002086
:1039F0009C0300209D030020C2030020C10300207F
:103A000080B582B000AF78600E4B1B68002B14D0DD
:103A10000C4B1B687A689A420FD10B4B00221A702C
:103A2000084B1B68184604F0A5FB064B1B680122D7
:103A30000649184604F079FB00E000BF0837BD4690
:103A400080BD00BF94030020C00300209803002025
:103A5000B0B592B000AF78603960534B1B68002B53
:103A600000F09D807B68002B00F099804F4B1B7805
:103A7000DBB2002B00F0938072B600BF4C4B1B886A
:103A8000A7F84430494B00221A7062B600BF7B6829
:103A900007F128041D460FCD0FC495E8030084E804
:103AA0000300FB6B3A68D31A40F2DC52934206D90A
:103AB00097F8393023F00F03DBB287F8393007F17C
:103AC0000C0303333B64AA233B7302237B7315234C
:103AD000BB733B6C91221A703B6C0133B7F84420E6
:103AE00011461846FFF7C3FE002387F8473015E05C
:103AF00097F847305B0003333A6C1A4497F8473025
:103B00005B0048333B4433F8203C19461046FFF72E
:103B1000AEFE97F84730013387F8473097F84730C3
:103B2000032BE5D93B6C0B333A8E11461846FFF751
:103B30009EFE3B6C0D33B7F9322092B21146184607
:103B4000FFF795FE3B6C0F33BA8E11461846FFF710
:103B50008EFE3B6C1133B7F9362092B211461846EF
:103B6000FFF785FE3B6C133397F838201A703B6CD7
:103B7000143397F839201A7007F10C030133172119
:103B80001846FFF73DFE034687F82430064B1868B9
:103B900007F10C010A23192204F03CFA00E000BFEF
:103BA0004837BD46B0BD00BF94030020C1030020CC
:103BB000C203002080B586B002AF0346FB71FB79DB
:103BC00023F00F03FB73FB791B01BB73FB7B43F0FB
:103BD0000C03DBB23B72FB7B43F00803DBB27B726E
:103BE000BB7B43F00C03DBB2BB72BB7B43F008032F
:103BF000DBB2FB7207F108026423009304234E2119
:103C0000034801F0E3FF00BF1037BD4680BD00BF91
:103C1000F403002080B586B002AF0346FB71FB7948
:103C200023F00F03FB73FB791B01BB73FB7B43F09A
:103C30000D03DBB23B72FB7B43F00903DBB27B720B
:103C4000BB7B43F00D03DBB2BB72BB7B43F00903CC
:103C5000DBB2FB7207F108026423009304234E21B8
:103C6000034801F0B3FF00BF1037BD4680BD00BF61
:103C7000F403002080B500AF3320FFF79BFF052041
:103C800000F0CAFC3220FFF795FF052000F0C4FCCD
:103C90002820FFF78FFF052000F0BEFC0120FFF772
:103CA00089FF052000F0B8FC0620FFF783FF052000
:103CB00000F0B2FC0C20FFF77DFF052000F0ACFC0B
:103CC0000220FFF777FF052000F0A6FC8020FFF719
:103CD00071FF00BF80BD000080B584B000AF786088
:103CE00039600F4BFB607B68002B14DD7B68042B75
:103CF00011DC7B68013B10333B4413F8042C3B6818
:103D0000DBB21344DBB25BB263F07F035BB2DBB2C6
:103D10001846FFF74FFF00BF1037BD4680BD00BFFC
:103D20000040145480B500AF00F014FC00F00FF810
:103D300000F01CF900F08EF800F058F800F0F2F8EE
:103D400000F0B2F8FEF75CFCFEF79AFCFCE780B5E9
:103D500094B000AF07F1280328220021184605F08F
:103D6000BFFD07F1140300221A605A609A60DA60FE
:103D70001A613B1D00221A605A609A60DA600123C2
:103D8000BB624FF48033FB6200233B630123BB63C0
:103D900002237B644FF48033BB644FF4E013FB6475
:103DA00007F12803184602F051FF0F237B6102231D
:103DB000BB610023FB614FF480633B6200237B62A5
:103DC00007F114030221184603F0C2F902237B60B5
:103DD0004FF40043FB603B1D184603F06DFB03F0FE
:103DE000A1FA00BF5037BD4680BD000080B584B049
:103DF00000AF3B1D00221A605A609A60134B144AB0
:103E00001A60124B00229A60104B00221A730F4B5B
:103E100000221A750D4B4FF46022DA610B4B002221
:103E20005A600A4B01221A61084800F019FC062367
:103E30007B600123BB600023FB603B1D19460348E8
:103E400000F0D2FE00BF1037BD4680BDC403002085
:103E50000024014080B500AF104B114A1A600F4B8F
:103E6000104A5A600D4B00229A600C4B0022DA6017
:103E70000A4B4FF480421A61084B00225A61074BEB
:103E800000229A61054B0022DA61044B00221A627B
:103E9000024801F027FD00BF80BD00BFF4030020F1
:103EA00000540040A086010080B586B000AF07F145
:103EB000080300221A605A609A60DA603B460022CA
:103EC0001A605A60164B4FF080421A60144B41F64C
:103ED0001F425A60124B00229A60114B0922DA608D
:103EE0000F4B00221A610E4B00229A610C4803F01E
:103EF0004FFC4FF48053BB6007F108031946084894
:103F000003F0D8FD00233B6000237B603B4619464D
:103F1000034803F0BFFF00BF1837BD4680BD00BF98
:103F20004804002080B500AF0E4B0F4A1A600D4BBD
:103F30004FF4E1325A600B4B00229A60094B002289
:103F4000DA60084B00221A61064B0C225A61054BBD
:103F500000229A61034B0022DA61024804F00AF859
:103F600000BF80BD900400200044004080B588B0B0
:103F700000AF07F1100300221A605A609A60DA60FD
:103F8000334B9B69324A43F010039361304B9B697A
:103F900003F01003FB60FB682D4B9B692C4A43F038
:103FA000200393612A4B9B6903F02003BB60BB682D
:103FB000274B9B69264A43F004039361244B9B697A
:103FC00003F004037B607B68214B9B69204A43F02C
:103FD000080393611E4B9B6903F008033B603B6839
:103FE000002280211B4801F064FC01224FF40051A3
:103FF000194801F05EFC4FF400533B6101237B61E3
:104000000023BB610223FB6107F11003194612482C
:1040100001F0F8F980233B6101237B610023BB6140
:104020000223FB6107F1100319460A4801F0EAF97F
:1040300020233B6100237B610123BB6107F1100357
:104040001946064801F0DEF900BF2037BD4680BDA5
:10405000001002400008014000100140000C014027
:1040600080B400AF72B600BF00BFFDE780B485B07A
:1040700000AF154B9B69144A43F001039361124B47
:104080009B6903F00103BB60BB680F4BDB690E4A01
:1040900043F08053D3610C4BDB6903F080537B60AA
:1040A0007B680A4B5B68FB60FB6823F0E063FB60A6
:1040B000FB6843F00073FB60044AFB68536000BF79
:1040C0001437BD4680BC704700100240000001401C
:1040D00080B588B000AF786007F1100300221A6045
:1040E0005A609A60DA607B681B68144A934221D157
:1040F000134B9B69124A43F400739361104B9B6905
:1041000003F40073FB60FB680D4B9B690C4A43F0A2
:10411000040393610A4B9B6903F00403BB60BB6813
:1041200040233B6103237B6107F1100319460548D7
:1041300001F068F900BF2037BD4680BD0024014072
:10414000001002400008014080B588B000AF7860E0
:1041500007F1100300221A605A609A60DA607B68E7
:104160001B68154A934223D1144B9B69134A43F0B1
:1041700008039361114B9B6903F00803FB60FB6824
:10418000C0233B6112237B610323FB6107F1100312
:1041900019460B4801F036F9084BDB69074A43F42E
:1041A0000013D361054BDB6903F40013BB60BB68EC
:1041B00000BF2037BD4680BD0054004000100240C3
:1041C000000C014080B582B000AF78607B681B684E
:1041D0000A4A93420DD10A4BDB69094A23F40013C2
:1041E000D3614021074801F091FA8021054801F090
:1041F0008DFA00BF0837BD4680BD00BF00540040A7
:1042000000100240000C014080B584B000AF78601F
:104210007B681B68B3F1804F13D10C4BDB690B4AF1
:1042200043F00103D361094BDB6903F00103FB6039
:10423000FB68002200211C2000F0EFFF1C2001F091
:1042400008F800BF1037BD4680BD00BF0010024017
:1042500080B588B000AF786007F1100300221A60C3
:104260005A609A60DA607B681B681F4A934237D1B4
:104270001E4BDB691D4A43F40033D3611B4BDB69E2
:1042800003F40033FB60FB68184B9B69174A43F04B
:1042900004039361154B9B6903F00403BB60BB6887
:1042A00004233B6102237B610323FB6107F11003BD
:1042B00019460F4801F0A6F808233B6100237B61F3
:1042C0000023BB6107F110031946094801F09AF871
:1042D00000220021262000F0A0FF262000F0B9FFD8
:1042E00000BF2037BD4680BD0044004000100240A2
:1042F0000008014080B500AF03F0A6F800BFFDE75D
:1043000080B400AF00BFFDE780B400AF00BFFDE7A1
:1043100080B400AF00BFFDE780B400AF00BFFDE791
:1043200080B400AF00BFBD4680BC704780B400AF12
:1043300000BFBD4680BC704780B400AF00BFBD4623
:1043400080BC704780B500AF00F04AF900BF80BD67
:1043500080B500AF024803F0BDFA00BF80BD00BFCA
:104360004804002080B500AF024803F0A7FF00BF5B
:1043700080BD00BF9004002080B400AF0123184628
:10438000BD4680BC704780B582B000AF78603960B0
:1043900005F0F8FA034616221A604FF0FF3318466C
:1043A0000837BD4680BD80B582B000AF78604FF061
:1043B000FF317868FFF7E7FF00BFFDE780B586B003
:1043C00000AFF860B9607A6000237B610AE0AFF368
:1043D00000800146BB685A1CBA60CAB21A707B6979
:1043E00001337B617A697B689A42F0DB7B6818460F
:1043F0001837BD4680BD80B586B000AFF860B960A3
:104400007A6000237B6109E0BB685A1CBA601B78A4
:104410001846AFF300807B6901337B617A697B6862
:104420009A42F1DB7B6818461837BD4680BD80B4E0
:1044300083B000AF78604FF0FF3318460C37BD46AD
:1044400080BC704780B483B000AF786039603B684F
:104450004FF400525A60002318460C37BD4680BC0A
:10446000704780B483B000AF7860012318460C37E2
:10447000BD4680BC704780B485B000AFF860B960BD
:104480007A60002318461437BD4680BC7047000090
:1044900080B586B000AF7860144A154BD31A7B61A3
:1044A0007B693B61134B1B68002B02D1114B124AF5
:1044B0001A60104B1A687B6813443A699A4207D213
:1044C00005F060FA03460C221A604FF0FF3309E052
:1044D000084B1B68FB60074B1A687B681344054A4E
:1044E0001360FB6818461837BD4680BD0050002099
:1044F00000040000D80400203006002080B400AF83
:1045000000BFBD4680BC7047FFF7F8FF0B480C4961
:104510000C4A002302E0D458C4500433C4188C421F
:10452000F9D3094A094C002301E013600432A24286
:10453000FBD305F02DFAFFF7F5FB704700000020D4
:10454000D8010020ACC00008D80100202C060020B3
:10455000FEE7000080B500AF084B1B68074A43F038
:1045600010031360032000F04DFE0F2000F008F848
:10457000FFF77CFD0023184680BD00BF00200240ED
:1045800080B582B000AF7860124B1A68124B1B786E
:1045900019464FF47A73B3FBF1F3B2FBF3F3184609
:1045A00000F065FE0346002B01D001230EE07B687E
:1045B0000F2B0AD8002279684FF0FF3000F02DFE53
:1045C000064A7B681360002300E001231846083781
:1045D000BD4680BD040000200C0000200800002023
:1045E00080B400AF054B1B781A46054B1B6813447B
:1045F000034A136000BFBD4680BC70470C0000201A
:10460000DC04002080B400AF024B1B681846BD4696
:1046100080BC7047DC04002080B584B000AF7860B7
:10462000FFF7F0FFB8607B68FB60FB68B3F1FF3F0A
:1046300005D00A4B1B781A46FB681344FB6000BF89
:10464000FFF7E0FF0246BB68D31AFA689A42F7D830
:1046500000BF00BF1037BD4680BD00BF0C0000206A
:1046600080B586B000AF78600023FB7500233B6106
:104670000023BB600023FB607B68002B01D101237A
:10468000BEE07B689B68002B7B689B6A002B09D18E
:104690007B680022DA627B68002283F82420786835
:1046A000FFF716FD786800F0F1FB0346FB757B68A9
:1046B0009B6A03F01003002B40F09980FB7D002BD8
:1046C00040F095807B689B6A23F4885323F00203B3
:1046D00043F002027B689A627B685A687B68DB69F8
:1046E0001A437B681B7B5B001343BA681343BB60B0
:1046F0007B689B68B3F5807F03D07B689B68012B48
:1047000002D14FF4807300E000233A6913433B6108
:104710007B681B7D012B19D17B681B7B002B09D18A
:104720007B689B69013B5A033B69134343F4006375
:104730003B610BE07B689B6A43F020027B689A62D6
:104740007B68DB6A43F001027B68DA627B681B6886
:104750005B6823F469417B681B683A690A435A60C5
:104760007B681B689A68284B13407A681268B9689E
:104770000B4393607B689B68B3F5807F03D07B68B5
:104780009B68012B04D17B681B69013B1B05FB6007
:104790007B681B68DB6A23F470017B681B68FA681E
:1047A0000A43DA627B681B689A68184B1340BA6840
:1047B0009A420BD17B680022DA627B689B6A23F005
:1047C000030343F001027B689A6218E07B689B6AEE
:1047D00023F0120343F010027B689A627B68DB6A65
:1047E00043F001027B68DA620123FB7507E07B6816
:1047F0009B6A43F010027B689A620123FB75FB7D84
:1048000018461837BD4680BDFDF7E1FFFE0E1FFFBD
:1048100080B584B000AF78600023FB737B6893F8A9
:104820002430012B01D1022398E07B68012283F818
:104830002420786800F0D0FA0346FB73FB7B002B42
:1048400040F087807B689B6A23F4407323F0010368
:1048500043F480727B689A627B681B68414A93428A
:1048600005D1414B5B6803F47023002B15D17B68A5
:104870009B6A23F480127B689A627B681B685B6882
:1048800003F48063002B26D07B689B6A23F440539B
:1048900043F480527B689A621DE07B689B6A43F414
:1048A00080127B689A627B681B682F4A934204D00F
:1048B0007B681B682B4A93420DD12B4B5B6803F43A
:1048C0008063002B07D07B689B6A23F4405343F43A
:1048D00080527B689A627B689B6A03F48053002B4A
:1048E00006D07B68DB6A23F006027B68DA6202E0AE
:1048F0007B680022DA627B68002283F824207B68D0
:104900001B686FF002021A607B681B689B6803F4E7
:104910006023B3F5602F13D17B681B68114A934263
:1049200005D1114B5B6803F47023002B08D17B6821
:104930001B689A687B681B6842F4A0029A600CE0CE
:104940007B681B689A687B681B6842F480129A60D7
:1049500003E07B68002283F82420FB7B1846103795
:10496000BD4680BD002801400024014080B584B0D0
:1049700000AF78600023FB737B6893F82430012B31
:1049800001D102231AE07B68012283F82420786891
:1049900000F07CFA0346FB73FB7B002B09D17B689C
:1049A0009B6A23F4885323F0010343F001027B68E0
:1049B0009A627B68002283F82420FB7B184610371C
:1049C000BD4680BD90B587B000AF786039600023E8
:1049D0007B610023FB6000233B61FFF713FE7861DE
:1049E0007B681B689B6803F48073002B0BD07B688B
:1049F0009B6A43F020027B689A627B68002283F8FE
:104A000024200123D3E07B681B685B6803F4807378
:104A1000002B31D17B681B68DB6A03F47003002B29
:104A20002AD121E03B68B3F1FF3F1DD03B68002B4A
:104A300007D0FFF7E7FD02467B69D31A3A689A422E
:104A400012D27B681B681B6803F00203002B0BD19A
:104A50007B689B6A43F004027B689A627B68002251
:104A600083F824200323A2E07B681B681B6803F003
:104A70000203002BD6D070E04F4B1C68022002F0DE
:104A8000D1FD0346B4FBF3F27B681B6819694B4BFD
:104A90000B40002B18D17B681B68D968484B0B4032
:104AA000002B11D17B681B681969464B0B40002B0A
:104AB00008D17B681B68D968434B0B40002B01D1A0
:104AC000142320E029231EE07B681B6819693D4BF5
:104AD0000B40002B06D17B681B68D9683A4B0B4012
:104AE000002B0DD07B681B681969384B0B40002BDD
:104AF00008D17B681B68D968344B0B40002B01D16F
:104B0000542300E0FC2302FB03F33B6121E03B68FC
:104B1000B3F1FF3F1AD03B68002B07D0FFF772FDBF
:104B200002467B69D31A3A689A420FD2FB683A6907
:104B30009A420BD97B689B6A43F004027B689A62B5
:104B40007B68002283F82420032330E0FB680133D4
:104B5000FB60FB683A699A42D9D87B681B686FF0A2
:104B600012021A607B689B6A43F400727B689A6247
:104B70007B681B689B6803F46023B3F5602F15D135
:104B80007B681B7B002B11D17B689B6A23F48072AE
:104B90007B689A627B689B6A03F48053002B05D183
:104BA0007B689B6A43F001027B689A620023184687
:104BB0001C37BD4690BD00BF04000020244992244C
:104BC00024499200922449129224490049922400D7
:104BD00080B483B000AF78607B681B68DB6C1846DC
:104BE0000C37BD4680BC704780B485B000AF78609C
:104BF00039600023FB730023BB607B6893F824308B
:104C0000012B01D10223DCE07B68012283F8242000
:104C10003B685B68062B1CD87B681B68596B3B683C
:104C20005A6813469B001344053B1F2202FA03F304
:104C3000DB4319403B6818683B685A6813469B0081
:104C40001344053B00FA03F27B681B680A435A636E
:104C50003CE03B685B680C2B1CD87B681B68196BBD
:104C60003B685A6813469B001344233B1F2202FAF9
:104C700003F3DB4319403B6818683B685A681346E6
:104C80009B001344233B00FA03F27B681B680A4332
:104C90001A631BE07B681B68D96A3B685A68134635
:104CA0009B001344413B1F2202FA03F3DB431940EC
:104CB0003B6818683B685A6813469B001344413BA5
:104CC00000FA03F27B681B680A43DA623B681B68E0
:104CD000092B1CD97B681B68D9683B681A68134686
:104CE0005B0013441E3B072202FA03F3DB43194027
:104CF0003B6898683B681A6813465B0013441E3B88
:104D000000FA03F27B681B680A43DA6019E07B68EB
:104D10001B6819693B681A6813465B001344072235
:104D200002FA03F3DB4319403B6898683B681A6852
:104D300013465B00134400FA03F27B681B680A43C6
:104D40001A613B681B68102B03D03B681B68112B52
:104D500032D17B681B681D4A934225D17B681B6852
:104D60009B6803F40003002B26D17B681B689A68BC
:104D70007B681B6842F400029A603B681B68102B3A
:104D80001AD1134B1B68134AA2FB03239A0C134638
:104D90009B0013445B00BB6002E0BB68013BBB604F
:104DA000BB68002BF9D107E07B689B6A43F02002C7
:104DB0007B689A620123FB737B68002283F82420BE
:104DC000FB7B18461437BD4680BC70470024014069
:104DD0000400002083DE1B4380B584B000AF786000
:104DE0000023FB600023BB607B681B689B6803F0AB
:104DF0000103012B40D07B681B689A687B681B68A5
:104E000042F001029A601F4B1B681F4AA2FB03235A
:104E10009B0CBB6002E0BB68013BBB60BB68002B26
:104E2000F9D1FFF7EFFBF8601FE0FFF7EBFB02465D
:104E3000FB68D31A022B18D97B681B689B6803F0A8
:104E40000103012B11D07B689B6A43F010027B6841
:104E50009A627B68DB6A43F001027B68DA627B68F6
:104E6000002283F82420012307E07B681B689B68ED
:104E700003F00103012BD8D1002318461037BD469B
:104E800080BD00BF0400002083DE1B4380B584B0DA
:104E900000AF78600023FB607B681B689B6803F0B1
:104EA0000103012B2ED17B681B689A687B681B6805
:104EB00022F001029A60FFF7A5FBF8601BE0FFF704
:104EC000A1FB0246FB68D31A022B14D97B681B682E
:104ED0009B6803F00103012B0DD17B689B6A43F0B3
:104EE00010027B689A627B68DB6A43F001027B6890
:104EF000DA62012307E07B681B689B6803F001030B
:104F0000012BDCD0002318461037BD4680BD0000C1
:104F100090B587B000AF78600023FB750023FB607D
:104F20007B6893F82430012B01D1022397E07B6842
:104F3000012283F824207868FFF7A8FF0346FB7559
:104F40007868FFF749FF0346FB75FB7D002B40F0B7
:104F500081807B689B6A23F4885323F0020343F02B
:104F600002027B689A62404B1C68022002F05AFBE6
:104F70000346B4FBF3F35B00FB6002E0FB68013B1C
:104F8000FB60FB68002BF9D17B681B689A687B6823
:104F90001B6842F008029A60FFF734FB38611BE09F
:104FA000FFF730FB02463B69D31A0A2B14D97B6802
:104FB0001B689B6803F00803002B0DD07B689B6A7D
:104FC00023F0120343F010027B689A627B68002290
:104FD00083F82420012342E07B681B689B6803F070
:104FE0000803002BDCD17B681B689A687B681B6810
:104FF00042F004029A60FFF705FB38611BE0FFF7FF
:1050000001FB02463B69D31A0A2B14D97B681B6843
:105010009B6803F00403002B0DD07B689B6A23F090
:10502000120343F010027B689A627B68002283F8C7
:105030002420012313E07B681B689B6803F00403B2
:10504000002BDCD17B689B6A23F0030343F0010251
:105050007B689A627B68002283F82420FB7D1846D7
:105060001C37BD4690BD00BF0400002080B485B051
:1050700000AF78607B6803F00703FB600C4BDB68D4
:10508000BB60BA684FF6FF031340BB60FB681A02AF
:10509000BB68134343F0BF6343F40033BB60044A6F
:1050A000BB68D36000BF1437BD4680BC704700BFEB
:1050B00000ED00E080B400AF044BDB681B0A03F096
:1050C00007031846BD4680BC704700BF00ED00E0F6
:1050D00080B483B000AF0346FB7197F90730002B13
:1050E0000BDBFB7903F01F02064997F907305B09D8
:1050F000012000FA02F241F8232000BF0C37BD4620
:1051000080BC704700E100E080B483B000AF03468C
:105110003960FB7197F90730002B0ADB3B68DAB284
:105120000C4997F907301201D2B20B4483F80023DF
:105130000AE03B68DAB20849FB7903F00F03043B4D
:105140001201D2B20B441A7600BF0C37BD4680BCA8
:10515000704700BF00E100E000ED00E080B489B0DE
:1051600000AFF860B9607A60FB6803F00703FB6189
:10517000FB69C3F10703042B28BF0423BB61FB6950
:105180000433062B02D9FB69033B00E000237B615B
:105190004FF0FF32BB6902FA03F3DA43BB681A40EF
:1051A0007B699A404FF0FF317B6901FA03F3D943E1
:1051B0007B680B40134318462437BD4680BC7047BC
:1051C00080B582B000AF78607B68013BB3F1807F2F
:1051D00001D301230FE00A4A7B68013B53600F2192
:1051E0004FF0FF30FFF790FF054B00229A60044B11
:1051F00007221A60002318460837BD4680BD00BF4D
:1052000010E000E080B582B000AF78607868FFF70A
:105210002DFF00BF0837BD4680BD80B586B000AF0A
:105220000346B9607A60FB7300237B61FFF742FF9E
:1052300078617A68B9687869FFF790FF024697F954
:105240000F3011461846FFF75FFF00BF1837BD4605
:1052500080BD80B582B000AF0346FB7197F907307F
:105260001846FFF735FF00BF0837BD4680BD80B543
:1052700082B000AF78607868FFF7A2FF0346184657
:105280000837BD4680BD80B485B000AF786000238C
:10529000FB737B6893F82130DBB2022B08D07B686C
:1052A00004229A637B68002283F82020012320E0F7
:1052B0007B681B681A687B681B6822F00E021A6004
:1052C0007B681B681A687B681B6822F001021A6001
:1052D0007B681A6C7B68DB6B012101FA02F25A6071
:1052E0007B68012283F821207B68002283F820203C
:1052F000FB7B18461437BD4680BC704780B584B030
:1053000000AF78600023FB737B6893F82130DBB239
:10531000022B05D07B6804229A630123FB7351E0C2
:105320007B681B681A687B681B6822F00E021A6093
:105330007B681B681A687B681B6822F001021A6090
:105340007B681B68224A934229D07B681B68214AEC
:10535000934222D07B681B681F4A93421AD07B6815
:105360001B681E4A934212D07B681B681C4A9342FA
:105370000AD07B681B681B4A934202D14FF480130A
:105380000EE04FF080730BE04FF4803308E04FF4F1
:10539000805305E04FF4807302E0102300E0012306
:1053A000114A53607B68012283F821207B68002228
:1053B00083F820207B685B6B002B03D07B685B6BE2
:1053C00078689847FB7B18461037BD4680BD00BF04
:1053D000080002401C00024030000240440002402D
:1053E000580002406C0002400000024080B483B0CC
:1053F00000AF78607B689B6B18460C37BD4680BC5D
:105400007047000080B48BB000AF78603960002333
:105410007B6200233B6269E101227B6A02FA03F3AB
:10542000FB613B681B68FA691340BB61BA69FB69A1
:105430009A4240F058813B685B689A4A93425ED03A
:10544000984A934275D8984A934258D0964A9342C4
:105450006FD8964A934252D0944A934269D8944A5C
:1054600093424CD0924A934263D8924A934246D098
:10547000904A93425DD8122B2AD8122B59D801A2F8
:1054800052F823F0FF540008D9540008EB540008E8
:105490002D550008335500083355000833550008D2
:1054A00033550008335500083355000833550008BC
:1054B00033550008335500083355000833550008AC
:1054C0003355000833550008E1540008F55400082E
:1054D000794A934213D02CE03B68DB683B6229E0B9
:1054E0003B68DB6804333B6224E03B68DB680833DD
:1054F0003B621FE03B68DB680C333B621AE03B68B1
:105500009B68002B02D104233B6213E03B689B683D
:10551000012B05D108233B627B68FA691A6109E017
:1055200008233B627B68FA695A6103E000233B620F
:1055300000E000BFBB69FF2B01D87B6801E07B68FE
:1055400004337B61BB69FF2B02D87B6A9B0002E0BE
:105550007B6A083B9B003B617B691A680F213B69B2
:1055600001FA03F3DB431A40396A3B6901FA03F39A
:105570001A437B691A603B685B6803F08053002B19
:1055800000F0B1804D4B9B694C4A43F0010393619D
:105590004A4B9B6903F00103BB60BB68484A7B6AC6
:1055A0009B08023352F82330FB607B6A03F003034D
:1055B0009B000F2202FA03F3DB43FA681340FB60FF
:1055C0007B68404A934213D07B683F4A93420DD098
:1055D0007B683E4A934207D07B683D4A934201D1A3
:1055E000032306E0042304E0022302E0012300E099
:1055F00000237A6A02F0030292009340FA68134390
:10560000FB602F497B6A9B080233FA6841F823202C
:105610003B685B6803F48013002B06D02D4B9A681F
:105620002C49BB6913438B6006E02A4B9A68BB691F
:10563000DB43284913408B603B685B6803F400132D
:10564000002B06D0234BDA682249BB691343CB6099
:1056500006E0204BDA68BB69DB431E491340CB6090
:105660003B685B6803F40033002B06D0194B5A6883
:105670001849BB6913434B6006E0164B5A68BB6977
:10568000DB43144913404B603B685B6803F4803391
:10569000002B21D00F4B1A680E49BB6913430B60D6
:1056A00021E000BF00003210000031100000221085
:1056B0000000211000001210000011100010024024
:1056C0000000014000080140000C014000100140B2
:1056D00000140140000401400B4B1A68BB69DB4316
:1056E000094913400B607B6A01337B623B681A688F
:1056F0007B6A22FA03F3002B7FF48EAE00BF00BF5B
:105700002C37BD4680BC70470004014080B489B08E
:1057100000AF786039600023FB619AE00122FB69E9
:1057200002FA03F33A681340BB61BB69002B00F037
:105730008D804E4AFB699B08023352F823307B610F
:10574000FB6903F003039B000F2202FA03F37A695B
:1057500013407B617B68464A934213D07B68454A7D
:1057600093420DD07B68444A934207D07B68434AFA
:10577000934201D1032306E0042304E0022302E064
:10578000012300E00023FA6902F003029200934033
:105790007A699A4232D13A4B1A68BB69DB4338497D
:1057A00013400B60364B5A68BB69DB4334491340E6
:1057B0004B60334BDA68BB69DB4331491340CB6044
:1057C0002F4B9A68BB69DB432D4913408B60FB6903
:1057D00003F003039B000F2202FA03F37B61234AC9
:1057E000FB699B08023352F823107B69DA431F4898
:1057F000FB699B080A40023340F82320BB69FF2B5A
:1058000001D87B6801E07B6804333B61BB69FF2BF7
:1058100002D8FB699B0002E0FB69083B9B00FB6030
:105820003B691A680F21FB6801FA03F3DB431A4056
:105830000421FB6801FA03F31A433B691A607B6891
:10584000DA68BB69DB431A407B68DA60FB690133C5
:10585000FB613A68FB6922FA03F3002B7FF45EAF29
:1058600000BF00BF2437BD4680BC70470000014028
:1058700000080140000C01400010014000140140EC
:105880000004014080B485B000AF78600B467B8097
:105890007B689A687B881340002B02D00123FB733E
:1058A00001E00023FB73FB7B18461437BD4680BC28
:1058B000704780B483B000AF78600B467B8013469E
:1058C0007B707B78002B03D07A887B681A6103E0B9
:1058D0007B881A047B681A6100BF0C37BD4680BC08
:1058E0007047000080B584B000AF78607B68002B03
:1058F00001D101232BE17B6893F83D30DBB2002B13
:1059000006D17B68002283F83C207868FEF71CFCF7
:105910007B68242283F83D207B681B681A687B68BB
:105920001B6822F001021A607B681B681A687B689A
:105930001B6842F400421A607B681B681A687B6827
:105940001B6822F400421A6001F056FDF8607B6883
:105950005B68814A934207D8FB68804A934294BFB0
:1059600001230023DBB206E0FB687D4A934294BF2B
:1059700001230023DBB2002B01D00123E7E0FB6809
:10598000784AA2FB03239B0CBB607B681B685B68A7
:1059900023F03F017B681B68BA680A435A607B6842
:1059A0001B681B6A23F03F017B685B686A4A93426D
:1059B00002D8BB68013309E0BB684FF4967202FB62
:1059C00003F3694AA2FB03239B0901337A68126837
:1059D0000B4313627B681B68DB6923F44F4222F0A0
:1059E000FF027B685B685C498B4219D8FB68591ED3
:1059F0007B685B685B00B1FBF3F3591C40F6FC73FA
:105A00000B40002B0AD0FB68591E7B685B685B006B
:105A1000B1FBF3F30133C3F30B0351E004234FE075
:105A20007B689B68002B11D1FB68581E7B68596806
:105A30000B465B000B44B0FBF3F30133C3F30B03E2
:105A4000002B0CBF01230023DBB212E0FB68581EC1
:105A50007B6859680B469B000B4499000B44B0FBD4
:105A6000F3F30133C3F30B03002B0CBF012300231B
:105A7000DBB2002B01D0012322E07B689B68002B66
:105A80000ED1FB68581E7B6859680B465B000B44BF
:105A9000B0FBF3F30133C3F30B0343F400430FE014
:105AA000FB68581E7B6859680B469B000B449900A5
:105AB0000B44B0FBF3F30133C3F30B0343F4404354
:105AC000796809681343CB617B681B681B6823F006
:105AD000C0017B68DA697B681B6A1A437B681B68B4
:105AE0000A431A607B681B689B6823F4034323F016
:105AF000FF037A6811697A68D26811437A6812687C
:105B00000B4393607B681B68DB6823F0FF017B68B5
:105B10005A697B689B691A437B681B680A43DA6091
:105B20007B681B681A687B681B6842F001021A6078
:105B30007B6800221A647B68202283F83D207B6802
:105B400000221A637B68002283F83E200023184657
:105B50001037BD4680BD00BFA08601007F841E00B7
:105B6000FF083D0083DE1B43D34D621080B582B039
:105B700000AF78607B68002B01D1012321E07B68B6
:105B8000242283F83D207B681B681A687B681B68A9
:105B900022F001021A607868FEF714FB7B6800228D
:105BA0001A647B68002283F83D207B6800221A6318
:105BB0007B68002283F83E207B68002283F83C202B
:105BC000002318460837BD4680BD000080B588B068
:105BD00002AFF8607A601A460B467B8113463B8120
:105BE000FEF710FD7861FB6893F83D30DBB2202BA7
:105BF00040F0E0807B690093192301227049F86826
:105C000000F0EEFD0346002B01D00223D3E0FB6839
:105C100093F83C30012B01D10223CCE0FB68012238
:105C200083F83C20FB681B681B6803F00103012B11
:105C300007D0FB681B681A68FB681B6842F001020A
:105C40001A60FB681B681A68FB681B6822F4006214
:105C50001A60FB68212283F83D20FB68102283F83C
:105C60003E20FB6800221A64FB687A685A62FB686F
:105C70003A895A85FB685B8D9AB2FB681A85FB6886
:105C8000504ADA6279897B693A6AF86800F03EFC2A
:105C90000346002B01D001238DE000233B61FB680C
:105CA0001B685B693B61FB681B689B693B613B69E7
:105CB00066E07A69396AF86800F0ACFE0346002BAA
:105CC0000DD0FB681B6C042B07D1FB681B681A689E
:105CD000FB681B6842F400721A6001236BE0FB68EA
:105CE0005B6A1A78FB681B681A61FB685B6A5A1C5E
:105CF000FB685A62FB685B8D9BB2013B9AB2FB6802
:105D00005A85FB681B8D013B9AB2FB681A85FB68BC
:105D10001B685B6903F00403042B1BD1FB681B8D1C
:105D2000002B17D0FB685B6A1A78FB681B681A6146
:105D3000FB685B6A5A1CFB685A62FB685B8D9BB20E
:105D4000013B9AB2FB685A85FB681B8D013B9AB2F6
:105D5000FB681A857A69396AF86800F0A3FE034681
:105D6000002B0DD0FB681B6C042B07D1FB681B6854
:105D70001A68FB681B6842F400721A6001231AE07B
:105D8000FB681B8D002B94D1FB681B681A68FB68AD
:105D90001B6842F400721A60FB68202283F83D20E1
:105DA000FB68002283F83E20FB68002283F83C2039
:105DB000002300E0022318461837BD4680BD00BF0F
:105DC000020010000000FFFF80B58CB002AFF86049
:105DD000084611461A4603467B810B463B81134613
:105DE000FB8000233B62FEF70DFC7862FB6893F8B2
:105DF0003D30DBB2202B40F050827B6A00931923A8
:105E000001228249F86800F0EBFC0346002B01D028
:105E1000022343E2FB6893F83C30012B01D10223BB
:105E20003CE2FB68012283F83C20FB681B681B688E
:105E300003F00103012B07D0FB681B681A68FB689D
:105E40001B6842F001021A60FB681B681A68FB6855
:105E50001B6822F400621A60FB68222283F83D204E
:105E6000FB68402283F83E20FB6800221A64FB682E
:105E70003A6B5A62FB68BA8E5A85FB685B8D9AB2A0
:105E8000FB681A85FB68624ADA62F8883A89798980
:105E90007B6A0193BB6B00930346F86800F0B8FB84
:105EA0000346002B01D00123F8E1FB681B8D002B7A
:105EB00013D10023FB61FB681B685B69FB61FB6816
:105EC0001B689B69FB61FB69FB681B681A68FB68C0
:105ED0001B6842F400721A60CCE1FB681B8D012B39
:105EE0001ED1FB681B681A68FB681B6822F480627D
:105EF0001A6072B600BF0023BB61FB681B685B6958
:105F0000BB61FB681B689B69BB61BB69FB681B6865
:105F10001A68FB681B6842F400721A6062B635E0CA
:105F2000FB681B8D022B1ED1FB681B681A68FB687F
:105F30001B6842F400621A6072B600BF00237B61E6
:105F4000FB681B685B697B61FB681B689B697B6105
:105F50007B69FB681B681A68FB681B6822F4806217
:105F60001A6062B612E0FB681B681A68FB681B685F
:105F700042F480621A6000233B61FB681B685B6926
:105F80003B61FB681B689B693B613B6972E1FB6895
:105F90001B8D032B00F21F81FB681B8D012B23D16E
:105FA0007A6AB96BF86800F0C5FD0346002B01D092
:105FB000012373E1FB681B681A69FB685B6AD2B254
:105FC0001A70FB685B6A5A1CFB685A62FB681B8D7F
:105FD000013B9AB2FB681A85FB685B8D9BB2013B63
:105FE0009AB2FB685A8545E1FB681B8D022B52D1A2
:105FF0007B6A0093BB6B00220649F86800F0F0FB57
:106000000346002B08D0012348E100BF0200100026
:106010000000FFFF0400010072B600BFFB681B68B0
:106020001A68FB681B6842F400721A60FB681B6800
:106030001A69FB685B6AD2B21A70FB685B6A5A1C09
:10604000FB685A62FB681B8D013B9AB2FB681A859C
:10605000FB685B8D9BB2013B9AB2FB685A8562B6C6
:1060600000BFFB681B681A69FB685B6AD2B21A70D2
:10607000FB685B6A5A1CFB685A62FB681B8D013B1C
:106080009AB2FB681A85FB685B8D9BB2013B9AB2A2
:10609000FB685A85EEE07B6A0093BB6B0022814966
:1060A000F86800F09DFB0346002B01D00123F5E0CA
:1060B000FB681B681A68FB681B6822F480621A6020
:1060C00072B600BFFB681B681A69FB685B6AD2B2D4
:1060D0001A70FB685B6A5A1CFB685A62FB681B8D6E
:1060E000013B9AB2FB681A85FB685B8D9BB2013B52
:1060F0009AB2FB685A856C4B1B68DB086B4AA2FBA3
:1061000003231A0A13469B001344DA00D31A3B6296
:106110003B6A013B3B623B6A002B18D1FB680022C3
:106120001A63FB68202283F83D20FB68002283F875
:106130003E20FB681B6C43F02002FB681A6462B6C9
:1061400000BFFB68002283F83C200123A6E0FB6827
:106150001B685B6903F00403042BD9D1FB681B683F
:106160001A68FB681B6842F400721A60FB681B68BF
:106170001A69FB685B6AD2B21A70FB685B6A5A1CC8
:10618000FB685A62FB681B8D013B9AB2FB681A855B
:10619000FB685B8D9BB2013B9AB2FB685A8562B685
:1061A00000BFFB681B681A69FB685B6AD2B21A7091
:1061B000FB685B6A5A1CFB685A62FB681B8D013BDB
:1061C0009AB2FB681A85FB685B8D9BB2013B9AB261
:1061D000FB685A854EE07A6AB96BF86800F0AAFC51
:1061E0000346002B01D0012358E0FB681B681A69A5
:1061F000FB685B6AD2B21A70FB685B6A5A1CFB6868
:106200005A62FB681B8D013B9AB2FB681A85FB68DA
:106210005B8D9BB2013B9AB2FB685A85FB681B6899
:106220005B6903F00403042B24D1FB681B8D032B53
:1062300007D1FB681B681A68FB681B6822F4806240
:106240001A60FB681B681A69FB685B6AD2B21A7035
:10625000FB685B6A5A1CFB685A62FB681B8D013B3A
:106260009AB2FB681A85FB685B8D9BB2013B9AB2C0
:10627000FB685A85FB681B8D002B7FF488AEFB689A
:10628000202283F83D20FB68002283F83E20FB6833
:10629000002283F83C20002300E002231846283720
:1062A000BD4680BD040001000400002089B5F8143B
:1062B00080B58AB002AFF8607A603B600B467B81A4
:1062C000FEF7A0F9F8610023BB61FB6893F83D304D
:1062D000DBB2202B40F01181FB69009319230122CE
:1062E0008849F86800F07CFA0346002B01D00223AD
:1062F00004E1FB6893F83C30012B01D10223FDE05F
:10630000FB68012283F83C20FB681B681B6803F0D4
:106310000103012B07D0FB681B681A68FB681B6828
:1063200042F001021A60FB681B681A68FB681B6870
:1063300022F400621A60FB68242283F83D20FB6887
:1063400000221A64FB68704ADA62FB681B681A68EC
:10635000FB681B6842F480721A60FB6900933B681B
:1063600000224FF00111F86800F03AFA0346002BC2
:106370000DD0FB681B681B6803F48073B3F5807F46
:1063800003D1FB684FF400721A640323B6E07B89E3
:10639000DBB21A46FB681B6802F0FE021A61FEF7C8
:1063A00031F9F861FB681B685B6903F00203022B9B
:1063B0000CBF01230023DBB2FB75FB681B685B6924
:1063C00003F48063B3F5806F0CBF01230023DBB2BD
:1063D000BB7525E0FEF716F90246FB69D31A3A6849
:1063E0009A4202D33B68002B03D1FB68A02283F8BA
:1063F0003D20FB681B685B6903F00203022B0CBFA6
:1064000001230023DBB2FB75FB681B685B6903F4A7
:106410008063B3F5806F0CBF01230023DBB2BB7533
:10642000FB6893F83D30DBB2A02B05D0FB7D002B41
:1064300002D1BB7D002BCDD0FB68202283F83D200C
:10644000FB681B685B6903F00203022B29D1FB6820
:106450001B681A68FB681B6842F400721A6000230C
:106460003B61FB681B685B693B61FB681B689B6960
:106470003B613B69FB690093192301222149F868BC
:1064800000F0AEF90346002B01D0012336E0FB6893
:10649000202283F83D20FB68002283F83C20002363
:1064A0002CE0FB681B681A68FB681B6842F40072EA
:1064B0001A60FB681B686FF480625A61FB69009385
:1064C000192301220F49F86800F08AF90346002BCE
:1064D00001D0012312E0BB690133BB61BA697B685B
:1064E0009A42FFF432AFFB68202283F83D20FB681C
:1064F000002283F83C20012300E0022318462037C5
:10650000BD4680BD020010000000FFFF80B588B0CE
:1065100002AFF8607A603B600B467B81FB68DB6A08
:106520007B617B69082B06D07B69012B03D07B69DB
:1065300013F5803F08D1FB681B681A68FB681B686D
:1065400042F480721A600BE0FB681B6B122B07D1C0
:10655000FB681B681A68FB681B6842F480721A604B
:106560003B6800937B6800224FF00111F86800F04F
:1065700037F90346002B0DD0FB681B681B6803F43A
:106580008073B3F5807F03D1FB684FF400721A6407
:10659000032335E0FB681B69B3F5804F08D17B8985
:1065A000DBB21A46FB681B6802F0FE021A611BE0B0
:1065B0007B89DB11DBB203F00603DBB263F00F0370
:1065C000DAB2FB681B681A613B687A680E49F868A2
:1065D00000F080F90346002B01D0012310E07B89F5
:1065E000DAB2FB681B681A613B687A680749F86889
:1065F00000F070F90346002B01D0012300E00023D6
:1066000018461837BD4680BD080001000200010091
:1066100080B588B002AFF860084611461A460346B6
:106620007B810B463B811346FB80FB681B681A6825
:10663000FB681B6842F480621A60FB681B681A687A
:10664000FB681B6842F480721A607B6A00933B6AA5
:1066500000224FF00111F86800F0C2F80346002B49
:106660000DD0FB681B681B6803F48073B3F5807F53
:1066700003D1FB684FF400721A640323AAE07B89FC
:10668000DBB21A46FB681B6802F0FE021A617B6AE5
:106690003A6A5249F86800F01DF90346002B01D010
:1066A000012397E000237B61FB681B685B697B61CA
:1066B000FB681B689B697B617B697A6A396AF86849
:1066C00000F0A8F90346002B0DD0FB681B6C042BCF
:1066D00007D1FB681B681A68FB681B6842F40072EC
:1066E0001A60012376E0FB88012B05D13B89DAB2E1
:1066F000FB681B681A6121E03B891B0A9BB2DAB276
:10670000FB681B681A617A6A396AF86800F082F9D6
:106710000346002B0DD0FB681B6C042B07D1FB68D4
:106720001B681A68FB681B6842F400721A60012338
:1067300050E03B89DAB2FB681B681A617A6A396AF1
:10674000F86800F067F90346002B0DD0FB681B6C5E
:10675000042B07D1FB681B681A68FB681B6842F4AE
:1067600000721A60012335E0FB681B681A68FB6839
:106770001B6842F480721A607B6A00933B6A0022B5
:106780004FF00111F86800F02BF80346002B0DD0F4
:10679000FB681B681B6803F48073B3F5807F03D12B
:1067A000FB684FF400721A64032313E07B89DBB2A9
:1067B00043F00103DAB2FB681B681A617B6A3A6A2C
:1067C0000649F86800F086F80346002B01D0012343
:1067D00000E0002318461837BD4680BD02000100C6
:1067E00080B584B000AFF860B9603B601346FB71C0
:1067F00048E03B68B3F1FF3F44D0FDF703FF02469A
:10680000BB69D31A3A689A4202D33B68002B39D14C
:10681000BB681B0CDBB2012B0DD1FB681B685B69ED
:10682000DA43BB6813409BB2002B0CBF012300234B
:10683000DBB21A460CE0FB681B689B69DA43BB6855
:1068400013409BB2002B0CBF01230023DBB21A467E
:10685000FB799A4216D1FB6800221A63FB6820225A
:1068600083F83D20FB68002283F83E20FB681B6C08
:1068700043F02002FB681A64FB68002283F83C2086
:10688000012323E0BB681B0CDBB2012B0DD1FB689D
:106890001B685B69DA43BB6813409BB2002B0CBFDB
:1068A00001230023DBB21A460CE0FB681B689B69DE
:1068B000DA43BB6813409BB2002B0CBF01230023BB
:1068C000DBB21A46FB799A4293D000231846103760
:1068D000BD4680BD80B584B000AFF860B9607A6015
:1068E0003B6071E0FB681B685B6903F48063B3F590
:1068F000806F23D1FB681B681A68FB681B6842F431
:1069000000721A60FB681B686FF480625A61FB6852
:1069100000221A63FB68202283F83D20FB680022D6
:1069200083F83E20FB681B6C43F00402FB681A648A
:10693000FB68002283F83C20012367E07B68B3F109
:10694000FF3F41D0FDF75EFE02463B68D31A7A68EE
:106950009A4202D37B68002B36D1BB681B0CDBB29A
:10696000012B0CD1FB681B685B69DA43BB681340E1
:106970009BB2002B14BF01230023DBB20BE0FB68AA
:106980001B689B69DA43BB6813409BB2002B14BFA2
:1069900001230023DBB2002B16D0FB6800221A6310
:1069A000FB68202283F83D20FB68002283F83E200C
:1069B000FB681B6C43F02002FB681A64FB68002232
:1069C00083F83C20012321E0BB681B0CDBB2012BC8
:1069D0000CD1FB681B685B69DA43BB6813409BB250
:1069E000002B14BF01230023DBB20BE0FB681B6804
:1069F0009B69DA43BB6813409BB2002B14BF012391
:106A00000023DBB2002B7FF46DAF00231846103754
:106A1000BD4680BD80B584B000AFF860B9607A60D3
:106A200034E0F86800F0E3F80346002B01D00123BE
:106A300034E0BB68B3F1FF3F28D0FDF7E3FD024629
:106A40007B68D31ABA689A4202D3BB68002B1DD167
:106A5000FB681B685B6903F08003802B16D0FB6822
:106A600000221A63FB68202283F83D20FB68002285
:106A700083F83E20FB681B6C43F02002FB681A641D
:106A8000FB68002283F83C20012307E0FB681B68B9
:106A90005B6903F08003802BC3D1002318461037B5
:106AA000BD4680BD80B584B000AFF860B9607A6043
:106AB00034E0F86800F09BF80346002B01D0012376
:106AC00034E0BB68B3F1FF3F28D0FDF79BFD0246E1
:106AD0007B68D31ABA689A4202D3BB68002B1DD1D7
:106AE000FB681B685B6903F00403042B16D0FB688A
:106AF00000221A63FB68202283F83D20FB680022F5
:106B000083F83E20FB681B6C43F02002FB681A648C
:106B1000FB68002283F83C20012307E0FB681B6828
:106B20005B6903F00403042BC3D10023184610371C
:106B3000BD4680BD80B584B000AFF860B9607A60B2
:106B400049E0FB681B685B6903F01003102B19D147
:106B5000FB681B686FF010025A61FB6800221A6321
:106B6000FB68202283F83D20FB68002283F83E204A
:106B7000FB681A6CFB681A64FB68002283F83C20EF
:106B8000012330E0FDF73EFD02467B68D31ABA6868
:106B90009A4202D3BB68002B1DD1FB681B685B695E
:106BA00003F04003402B16D0FB6800221A63FB68F9
:106BB000202283F83D20FB68002283F83E20FB68FA
:106BC0001B6C43F02002FB681A64FB68002283F808
:106BD0003C20012307E0FB681B685B6903F040036E
:106BE000402BAED1002318461037BD4680BD80B47F
:106BF00083B000AF78607B681B685B6903F48063D7
:106C0000B3F5806F1BD17B681B686FF480625A619B
:106C10007B6800221A637B68202283F83D207B6812
:106C2000002283F83E207B681B6C43F004027B68E3
:106C30001A647B68002283F83C20012300E00023D3
:106C400018460C37BD4680BC7047000080B586B042
:106C500000AF78607B68002B01D1012372E27B6872
:106C60001B6803F00103002B00F08780924B5B68E8
:106C700003F00C03042B0CD08F4B5B6803F00C0368
:106C8000082B12D18C4B5B6803F48033B3F5803F43
:106C90000BD1894B1B6803F40033002B6CD07B684D
:106CA0005B68002B68D101234CE27B685B68B3F51D
:106CB000803F06D1804B1B687F4A43F480331360CA
:106CC0002EE07B685B68002B0CD17B4B1B687A4AFB
:106CD00023F480331360784B1B68774A23F48023B6
:106CE00013601DE07B685B68B3F5A02F0CD1724B7D
:106CF0001B68714A43F4802313606F4B1B686E4A14
:106D000043F4803313600BE06B4B1B686A4A23F437
:106D100080331360684B1B68674A23F48023136039
:106D20007B685B68002B13D0FDF76CFC386108E0D2
:106D3000FDF768FC02463B69D31A642B01D9032393
:106D400000E25D4B1B6803F40033002BF0D014E02D
:106D5000FDF758FC386108E0FDF754FC02463B693A
:106D6000D31A642B01D90323ECE1534B1B6803F4C2
:106D70000033002BF0D100E000BF7B681B6803F0FC
:106D80000203002B63D04C4B5B6803F00C03002B19
:106D90000BD0494B5B6803F00C03082B1CD1464B0E
:106DA0005B6803F48033002B16D1434B1B6803F060
:106DB0000203002B05D07B681B69012B01D0012346
:106DC000C0E13D4B1B6823F0F8027B685B69DB0088
:106DD000394913430B603AE07B681B69002B20D0D4
:106DE000364B01221A60FDF70DFC386108E0FDF713
:106DF00009FC02463B69D31A022B01D90323A1E106
:106E00002D4B1B6803F00203002BF0D02A4B1B68AC
:106E100023F0F8027B685B69DB00274913430B60B2
:106E200015E0264B00221A60FDF7ECFB386108E004
:106E3000FDF7E8FB02463B69D31A022B01D9032375
:106E400080E11D4B1B6803F00203002BF0D17B682F
:106E50001B6803F00803002B3AD07B689B69002B6A
:106E600019D0174B01221A60FDF7CCFB386108E0FE
:106E7000FDF7C8FB02463B69D31A022B01D9032355
:106E800060E10D4B5B6A03F00203002BF0D00120A0
:106E900000F0EEFA1CE00A4B00221A60FDF7B2FB8C
:106EA00038610FE0FDF7AEFB02463B69D31A022BB7
:106EB00008D9032346E100BF00100240000042420F
:106EC00080044242924B5B6A03F00203002BE9D13B
:106ED0007B681B6803F00403002B00F0A6800023EE
:106EE000FB758B4BDB6903F08053002B0DD1884B76
:106EF000DB69874A43F08053D361854BDB6903F03C
:106F00008053BB60BB680123FB75824B1B6803F495
:106F10008073002B18D17F4B1B687E4A43F480732B
:106F20001360FDF76FFB386108E0FDF76BFB02466D
:106F30003B69D31A642B01D9032303E1754B1B680A
:106F400003F48073002BF0D07B68DB68012B06D143
:106F50006F4B1B6A6E4A43F0010313622DE07B689E
:106F6000DB68002B0CD16A4B1B6A694A23F00103D2
:106F70001362674B1B6A664A23F0040313621CE02A
:106F80007B68DB68052B0CD1614B1B6A604A43F0C0
:106F9000040313625E4B1B6A5D4A43F001031362F4
:106FA0000BE05B4B1B6A5A4A23F001031362584BF8
:106FB0001B6A574A23F0040313627B68DB68002BCB
:106FC00015D0FDF71FFB38610AE0FDF71BFB0246F9
:106FD0003B69D31A41F28832934201D90323B1E0CD
:106FE0004B4B1B6A03F00203002BEED014E0FDF7BD
:106FF00009FB38610AE0FDF705FB02463B69D31A3D
:1070000041F28832934201D903239BE0404B1B6A33
:1070100003F00203002BEED1FB7D012B05D13C4B8D
:10702000DB693B4A23F08053D3617B68DB69002B2B
:1070300000F08780364B5B6803F00C03082B61D0AF
:107040007B68DB69022B46D1334B00221A60FDF7C7
:10705000D9FA386108E0FDF7D5FA02463B69D31A40
:10706000022B01D903236DE0294B1B6803F0007349
:10707000002BF0D17B681B6AB3F5803F08D1244B0D
:107080005B6823F400327B689B68214913434B60A3
:107090001F4B5B6823F474127B68196A7B685B6A18
:1070A0000B431B4913434B601B4B01221A60FDF736
:1070B000A9FA386108E0FDF7A5FA02463B69D31A40
:1070C000022B01D903233DE0114B1B6803F0007331
:1070D000002BF0D035E0104B00221A60FDF792FA39
:1070E000386108E0FDF78EFA02463B69D31A022B9D
:1070F00001D9032326E0064B1B6803F00073002B25
:10710000F0D11EE07B68DB69012B07D1012319E078
:107110000010024000700040600042420B4B5B6870
:10712000FB60FB6803F480327B681B6A9A4206D1DD
:10713000FB6803F470127B685B6A9A4201D00123FA
:1071400000E0002318461837BD4680BD00100240FD
:1071500080B584B000AF786039607B68002B01D1C6
:107160000123D0E06A4B1B6803F007033A689A4298
:1071700010D9674B1B6823F0070265493B6813432E
:107180000B60634B1B6803F007033A689A4201D017
:107190000123B8E07B681B6803F00203002B20D0BA
:1071A0007B681B6803F00403002B05D0594B5B6818
:1071B000584A43F4E06353607B681B6803F008039C
:1071C000002B05D0534B5B68524A43F46053536025
:1071D000504B5B6823F0F0027B689B684D4913437A
:1071E0004B607B681B6803F00103002B40D07B6879
:1071F0005B68012B07D1474B1B6803F40033002B5E
:1072000015D101237FE07B685B68022B07D1414BDE
:107210001B6803F00073002B09D1012373E03D4B81
:107220001B6803F00203002B01D101236BE0394BF3
:107230005B6823F003027B685B68364913434B604D
:10724000FDF7E0F9F8600AE0FDF7DCF90246FB68BB
:10725000D31A41F28832934201D9032353E02D4BD4
:107260005B6803F00C027B685B689B009A42EBD181
:10727000274B1B6803F007033A689A4210D2244B4D
:107280001B6823F0070222493B6813430B60204B25
:107290001B6803F007033A689A4201D0012332E0E9
:1072A0007B681B6803F00403002B08D0194B5B6854
:1072B00023F4E0627B68DB68164913434B607B680C
:1072C0001B6803F00803002B09D0124B5B6823F402
:1072D00060527B681B69DB000E4913434B6000F072
:1072E0002DF802460B4B5B681B0903F00F030A499C
:1072F000CB5C22FA03F3094A1360094B1B6818465A
:10730000FDF73EF9002318461037BD4680BD00BF8B
:107310000020024000100240ECBC000804000020E5
:107320000800002080B400AF034B01221A6000BFA8
:10733000BD4680BC704700BF4C00424280B487B05D
:1073400000AF0023FB600023BB6000237B610023B0
:107350007B6000233B611E4B5B68FB60FB6803F0B6
:107360000C03042B02D0082B03D027E0194B3B6100
:1073700027E0FB689B0C03F00F03174AD35C7B608C
:10738000FB6803F48033002B10D0114B5B685B0C5F
:1073900003F00103114AD35CBB607B680D4A03FB19
:1073A00002F2BB68B2FBF3F37B6104E07B680C4A3A
:1073B00002FB03F37B617B693B6102E0054B3B61B0
:1073C00000BF3B6918461C37BD4680BC704700BFF4
:1073D0000010024000127A0004BD000814BD00082D
:1073E00000093D0080B400AF024B1B681846BD4643
:1073F00080BC70470400002080B500AFFFF7F2FFAB
:107400000246054B5B681B0A03F007030349CB5C8C
:1074100022FA03F3184680BD00100240FCBC0008AD
:1074200080B500AFFFF7DEFF0246054B5B68DB0A65
:1074300003F007030349CB5C22FA03F3184680BD2F
:1074400000100240FCBC000880B500AF064B9B68F2
:1074500003F08003802B04D100F028F8034B802236
:107460001A7000BF80BD00BF001002400A10024029
:1074700080B485B000AF78600A4B1B680A4AA2FB53
:1074800003235B0A7A6802FB03F3FB6000BFFB681F
:107490005A1EFA60002BF9D100BF00BF1437BD4659
:1074A00080BC704704000020D34D621080B400AF50
:1074B00000BFBD4680BC704780B586B000AF786025
:1074C00000233B610023FB607B681B6803F0010322
:1074D000002B7DD00023FB754F4BDB6903F08053FD
:1074E000002B0DD14C4BDB694B4A43F08053D361E9
:1074F000494BDB6903F08053BB60BB680123FB751C
:10750000464B1B6803F48073002B18D1434B1B6858
:10751000424A43F480731360FDF774F8386108E061
:10752000FDF770F802463B69D31A642B01D9032397
:107530006DE03A4B1B6803F48073002BF0D0364BA0
:107540001B6A03F44073FB60FB68002B2ED07B6842
:107550005B6803F44073FA689A4227D02E4B1B6A8B
:1075600023F44073FB602E4B01221A602C4B002247
:107570001A60294AFB681362FB6803F00103002BC1
:1075800014D0FDF73FF838610AE0FDF73BF80246FA
:107590003B69D31A41F28832934201D9032336E082
:1075A0001D4B1B6A03F00203002BEED01A4B1B6A23
:1075B00023F440727B685B68174913430B62FB7DC1
:1075C000012B05D1144BDB69134A23F08053D3619F
:1075D0007B681B6803F00203002B08D00E4B5B682E
:1075E00023F440427B689B680B4913434B607B68E4
:1075F0001B6803F01003002B08D0074B5B6823F4D3
:1076000080027B68DB68044913434B600023184603
:107610001837BD4680BD00BF00100240007000401A
:107620004004424280B588B000AF786000237B619F
:107630000023FB6100233B610023FB600023BB614F
:107640007B68102B0AD07B68102B00F28A807B6845
:10765000012B45D07B68022B75D082E0464B5B68DE
:10766000FB60454B1B6803F08073002B7BD0FB68ED
:107670009B0C03F00F03414AD35C3B61FB6803F4AE
:107680008033002B15D03C4B5B685B0C03F001038F
:107690003B4AD35C7B61FB6803F48033002B0DD045
:1076A000384A7B69B2FBF3F23B6902FB03F3FB61EF
:1076B00004E03B69344A02FB03F3FB612E4B5B6839
:1076C00003F48003B3F5800F02D1FB69BB614AE08C
:1076D000FB695B002D4AA2FB03235B08BB6142E010
:1076E000254B1B6AFB60FB6803F44073B3F5807F96
:1076F00008D1FB6803F00203002B03D04FF40043D2
:10770000BB611FE0FB6803F44073B3F5007F09D150
:10771000194B5B6A03F00203002B03D049F6404388
:10772000BB610FE0FB6803F44073B3F5407F1CD1ED
:10773000114B1B6803F40033002B16D04FF2244387
:10774000BB6112E011E0FFF76BFE02460A4B5B687B
:107750009B0B03F0030301335B00B2FBF3F3BB614C
:1077600004E000BF02E000BF00E000BFBB691846B4
:107770002037BD4680BD00BF0010024018BD000884
:1077800028BD000800127A0000093D00ABAAAAAA91
:1077900080B582B000AF78607B68002B01D10123F7
:1077A00041E07B6893F83D30DBB2002B06D17B686B
:1077B000002283F83C207868FCF726FD7B680222D3
:1077C00083F83D207B681A687B68043319461046AD
:1077D00000F05CFA7B68012283F846207B68012276
:1077E00083F83E207B68012283F83F207B680122DA
:1077F00083F840207B68012283F841207B680122C6
:1078000083F842207B68012283F843207B680122B1
:1078100083F844207B68012283F845207B6801229D
:1078200083F83D20002318460837BD4680BD000080
:1078300080B485B000AF78607B6893F83D30DBB2F0
:10784000012B01D001233AE07B68022283F83D201E
:107850007B681B68DA687B681B6842F00102DA60AB
:107860007B681B68184A93420ED07B681B68B3F193
:10787000804F09D07B681B68144A934204D07B6810
:107880001B68134A934211D17B681B689B6803F005
:107890000703FB60FB68062B10D07B681B681A6827
:1078A0007B681B6842F001021A6007E07B681B6876
:1078B0001A687B681B6842F001021A6000231846B0
:1078C0001437BD4680BC7047002C014000040040C6
:1078D0000008004080B584B000AF78607B681B680A
:1078E000DB68FB607B681B681B69BB60BB6803F0DF
:1078F0000203002B20D0FB6803F00203002B1BD0F7
:107900007B681B686FF002021A617B6801221A779C
:107910007B681B689B6903F00303002B03D0786826
:1079200000F098F905E0786800F08BF9786800F0CD
:107930009AF97B6800221A77BB6803F00403002BD6
:1079400020D0FB6803F00403002B1BD07B681B686E
:107950006FF004021A617B6802221A777B681B6849
:107960009B6903F44073002B03D0786800F072F930
:1079700005E0786800F065F9786800F074F97B68D4
:1079800000221A77BB6803F00803002B20D0FB68A5
:1079900003F00803002B1BD07B681B686FF0080204
:1079A0001A617B6804221A777B681B68DB6903F025
:1079B0000303002B03D0786800F04CF905E07868E9
:1079C00000F03FF9786800F04EF97B6800221A77E2
:1079D000BB6803F01003002B20D0FB6803F01003FA
:1079E000002B1BD07B681B686FF010021A617B684C
:1079F00008221A777B681B68DB6903F44073002B4D
:107A000003D0786800F026F905E0786800F019F9ED
:107A1000786800F028F97B6800221A77BB6803F0C9
:107A20000103002B0CD0FB6803F00103002B07D0EF
:107A30007B681B686FF001021A617868FAF780FEB4
:107A4000BB6803F08003002B0CD0FB6803F08003BD
:107A5000002B07D07B681B686FF080021A61786882
:107A600000F07FFABB6803F04003002B0CD0FB68EA
:107A700003F04003002B07D07B681B686FF04002C7
:107A80001A61786800F0F8F8BB6803F02003002B57
:107A90000CD0FB6803F02003002B07D07B681B6829
:107AA0006FF020021A61786800F052FA00BF1037B8
:107AB000BD4680BD80B584B000AF786039600023DA
:107AC000FB737B6893F83C30012B01D10223B4E0B7
:107AD0007B68012283F83C207B68022283F83D20EA
:107AE0007B681B689B68BB60BB6823F07703BB6047
:107AF000BB6823F47F43BB607B681B68BA689A60ED
:107B00003B681B68B3F5005F3ED0B3F5005F00F241
:107B10008780B3F5805F00F08680B3F5805F7FD803
:107B2000702B1AD0702B7BD8602B50D0602B77D85D
:107B3000502B3CD0502B73D8402B58D0402B6FD8B3
:107B4000302B64D0302B6BD8202B60D0202B67D803
:107B5000002B5CD0102B5AD062E07B6818683B6821
:107B600099683B685A683B68DB6800F074F97B6889
:107B70001B689B68BB60BB6843F07703BB607B6896
:107B80001B68BA689A604FE07B6818683B68996820
:107B90003B685A683B68DB6800F05DF97B681B68EE
:107BA0009A687B681B6842F480429A603CE07B687C
:107BB00018683B6859683B68DB681A4600F0D4F8DF
:107BC0007B681B685021184600F02BF92CE07B687D
:107BD00018683B6859683B68DB681A4600F0F2F8A1
:107BE0007B681B686021184600F01BF91CE07B686D
:107BF00018683B6859683B68DB681A4600F0B4F8BF
:107C00007B681B684021184600F00BF90CE07B688C
:107C10001A683B681B681946104600F002F903E039
:107C20000123FB7300E000BF7B68012283F83D2045
:107C30007B68002283F83C20FB7B18461037BD464A
:107C400080BD80B483B000AF786000BF0C37BD4604
:107C500080BC704780B483B000AF786000BF0C3741
:107C6000BD4680BC704780B483B000AF786000BF71
:107C70000C37BD4680BC704780B483B000AF7860DD
:107C800000BF0C37BD4680BC7047000080B485B093
:107C900000AF786039607B681B68FB607B682F4AA7
:107CA00093420BD07B68B3F1804F07D07B682C4A9E
:107CB000934203D07B682B4A934208D1FB6823F0A0
:107CC0007003FB603B685B68FA681343FB607B688A
:107CD000224A93420BD07B68B3F1804F07D07B6878
:107CE0001F4A934203D07B681E4A934208D1FB6827
:107CF00023F44073FB603B68DB68FA681343FB6066
:107D0000FB6823F080023B685B691343FB607B6880
:107D1000FA681A603B689A687B68DA623B681A689E
:107D20007B689A627B680D4A934203D13B681A696B
:107D30007B681A637B6801225A617B681B6903F0C8
:107D40000103002B05D07B681B6923F001027B68CF
:107D50001A6100BF1437BD4680BC7047002C01403B
:107D6000000400400008004080B487B000AFF86015
:107D7000B9607A60FB681B6A7B61FB681B6A23F051
:107D80000102FB681A62FB689B693B613B6923F057
:107D9000F0033B617B681B013A6913433B617B69DC
:107DA00023F00A037B617A69BB6813437B61FB683C
:107DB0003A699A61FB687A691A6200BF1C37BD464E
:107DC00080BC704780B487B000AFF860B9607A605B
:107DD000FB681B6A7B61FB681B6A23F01002FB686F
:107DE0001A62FB689B693B613B6923F470433B610A
:107DF0007B681B033A6913433B617B6923F0A00353
:107E00007B61BB681B017A6913437B61FB683A693C
:107E10009A61FB687A691A6200BF1C37BD4680BC54
:107E2000704780B485B000AF786039607B689B682C
:107E3000FB60FB6823F07003FB603A68FB68134348
:107E400043F00703FB607B68FA689A6000BF143751
:107E5000BD4680BC704780B487B000AFF860B960A1
:107E60007A603B60FB689B687B617B6923F47F439E
:107E70007B613B681A027B681A43BB6813437A69CB
:107E800013437B61FB687A699A6000BF1C37BD466B
:107E900080BC704780B485B000AF786039607B6883
:107EA00093F83C30012B01D1022346E07B6801228C
:107EB00083F83C207B68022283F83D207B681B68A6
:107EC0005B68FB607B681B689B68BB60FB6823F09A
:107ED0007003FB603B681B68FA681343FB607B68B8
:107EE0001B68FA685A607B681B68164A93420ED07A
:107EF0007B681B68B3F1804F09D07B681B68124A0E
:107F0000934204D07B681B68104A93420CD1BB6833
:107F100023F08003BB603B685B68BA681343BB60B7
:107F20007B681B68BA689A607B68012283F83D20F1
:107F30007B68002283F83C20002318461437BD4696
:107F400080BC7047002C0140000400400008004045
:107F500080B483B000AF786000BF0C37BD4680BCF2
:107F6000704780B483B000AF786000BF0C37BD4667
:107F700080BC704780B582B000AF78607B68002B12
:107F800001D1012342E07B6893F84130DBB2002B42
:107F900006D17B68002283F840207868FCF758F906
:107FA0007B68242283F841207B681B68DA687B6841
:107FB0001B6822F40052DA60786800F053FE7B6898
:107FC0001B681A697B681B6822F490421A617B68FF
:107FD0001B685A697B681B6822F02A025A617B6819
:107FE0001B68DA687B681B6842F40052DA607B68C1
:107FF00000225A647B68202283F841207B6820227B
:1080000083F842207B6800225A6300231846083711
:10801000BD4680BD80B58AB002AFF860B9603B60F4
:108020001346FB8000237B61FB6893F84130DBB291
:10803000202B75D1BB68002B02D0FB88002B01D10F
:1080400001236EE0FB6800225A64FB68212283F85A
:108050004120FCF7D7FA7861FB68FA889A84FB68BC
:10806000FA88DA84FB689B68B3F5805F08D1FB6807
:108070001B69002B04D10023FB61BB68BB6103E0DB
:10808000BB68FB610023BB612EE03B6800937B690A
:1080900000228021F86800F0B7FB0346002B05D0D2
:1080A000FB68202283F8412003233AE0FB69002B80
:1080B0000BD1BB691B881A46FB681B68C2F3080218
:1080C0005A60BB690233BB6107E0FB691A78FB6841
:1080D0001B685A60FB690133FB61FB68DB8C9BB258
:1080E000013B9AB2FB68DA84FB68DB8C9BB2002B05
:1080F000CBD13B6800937B6900224021F86800F0F7
:1081000083FB0346002B05D0FB68202283F8412027
:10811000032306E0FB68202283F84120002300E0CF
:10812000022318462037BD4680BD80B584B000AF1D
:10813000F860B9601346FB80FB6893F84230DBB20D
:10814000202B12D1BB68002B02D0FB88002B01D161
:1081500001230BE0FB6800221A63FB881A46B9680A
:10816000F86800F0AAFB034600E002231846103727
:10817000BD4680BD80B59AB000AF78607B681B6853
:108180000C33BB64BB6C53E8003F7B647B6C23F413
:1081900090737B667B681B680C337A6E7A653B65EF
:1081A000396D7A6D41E80023FB64FB6C002BE5D14F
:1081B0007B681B6814337B637B6B53E8003F3B6336
:1081C0003B6B23F001033B667B681B6814333A6EFC
:1081D0003A64FB63F96B3A6C41E80023BB63BB6B09
:1081E000002BE5D17B681B6B012B19D17B681B68C9
:1081F0000C333B623B6A53E8003FFB61FB6923F0B1
:108200001003FB657B681B680C33FA6DFA62BB6276
:10821000B96AFA6A41E800237B627B6A002BE5D1E8
:108220007B681B685B6903F04003002B36D07B68DA
:108230001B681433FB60FB6853E8003FBB60BB68FE
:1082400023F04003BB657B681B681433BA6DBA61C9
:108250007B617969BA6941E800233B613B69002B86
:10826000E5D17B68DB6B002B18D07B68DB6B0022D1
:108270005A637B68DB6B1846FDF705F80346002B55
:108280000CD07B68DB6B1846FDF7B0F80346202B5B
:1082900004D17B6810225A6403230AE07B68002221
:1082A000DA857B68202283F842207B6800221A63EB
:1082B000002318466837BD4680BD000080B5BAB0BF
:1082C00000AF78607B681B681B68C7F8E4307B6888
:1082D0001B68DB68C7F8E0307B681B685B69C7F820
:1082E000DC300023C7F8D8300023C7F8D430D7F8E3
:1082F000E43003F00F03C7F8D830D7F8D830002B9C
:108300000FD1D7F8E43003F02003002B09D0D7F8C1
:10831000E03003F02003002B03D0786800F0E3FB8B
:108320005BE2D7F8D830002B00F0DE80D7F8DC30E5
:1083300003F00103002B06D1D7F8E03003F490736B
:10834000002B00F0D180D7F8E43003F00103002BBC
:108350000BD0D7F8E03003F48073002B05D07B6896
:108360005B6C43F001027B685A64D7F8E43003F099
:108370000403002B0BD0D7F8DC3003F00103002BF3
:1083800005D07B685B6C43F002027B685A64D7F8C7
:10839000E43003F00203002B0BD0D7F8DC3003F0FD
:1083A0000103002B05D07B685B6C43F004027B6803
:1083B0005A64D7F8E43003F00803002B11D0D7F843
:1083C000E03003F02003002B05D1D7F8DC3003F0B8
:1083D0000103002B05D07B685B6C43F008027B68CF
:1083E0005A647B685B6C002B00F0F281D7F8E430B4
:1083F00003F02003002B08D0D7F8E03003F020036F
:10840000002B02D0786800F06EFB7B681B685B690C
:1084100003F04003002B14BF01230023DBB2C7F895
:10842000D4307B685B6C03F00803002B03D1D7F8D2
:10843000D430002B4FD0786800F078FA7B681B6846
:108440005B6903F04003002B41D07B681B68143349
:10845000C7F89C30D7F89C3053E8003FC7F89830F5
:10846000D7F8983023F04003C7F8D0307B681B68FA
:108470001433D7F8D020C7F8A820C7F8A430D7F80D
:10848000A410D7F8A82041E80023C7F8A030D7F8F7
:10849000A030002BD9D17B68DB6B002B13D07B681D
:1084A000DB6B7E4A5A637B68DB6B1846FCF726FF62
:1084B0000346002B16D07B68DB6B5B6B7A68D26B54
:1084C000104698470EE07868FAF754F90AE07868A1
:1084D000FAF750F906E07868FAF74CF97B68002261
:1084E0005A6475E100BF73E17B681B6B012B40F0A0
:1084F0004F81D7F8E43003F01003002B00F04881DF
:10850000D7F8E03003F01003002B00F04181002386
:10851000BB607B681B681B68BB607B681B685B6813
:10852000BB60BB687B681B685B6903F04003002B82
:1085300000F0B6807B68DB6B1B685B68A7F8BE3019
:10854000B7F8BE30002B00F045817B689B8DB7F8F3
:10855000BE209A4280F03E817B68B7F8BE20DA8563
:108560007B68DB6B9B69202B00F088807B681B6835
:108570000C33C7F88830D7F8883053E8003FC7F885
:108580008430D7F8843023F48073C7F8B8307B6820
:108590001B680C33D7F8B820C7F89420C7F8903080
:1085A000D7F89010D7F8942041E80023C7F88C3012
:1085B000D7F88C30002BD9D17B681B6814337B67CC
:1085C0007B6F53E8003F3B673B6F23F00103C7F825
:1085D000B4307B681B681433D7F8B420C7F8802008
:1085E000FB67F96FD7F8802041E80023BB67BB6FBA
:1085F000002BE1D17B681B6814333B663B6E53E86C
:10860000003FFB65FB6D23F04003C7F8B0307B688B
:108610001B681433D7F8B020FA66BB66B96EFA6EE1
:1086200041E800237B667B6E002BE3D17B68202230
:1086300083F842207B6800221A637B681B680C3336
:10864000FB64FB6C53E8003FBB64BB6C23F010037E
:10865000C7F8AC307B681B680C33D7F8AC20BA6520
:108660007B65796DBA6D41E800233B653B6D002B5E
:10867000E3D17B68DB6B1846FCF705FE7B680222C2
:108680005A637B689A8D7B68DB8D9BB2D31A9BB251
:108690001946786800F0ADF89CE000BFF189000849
:1086A0007B689A8D7B68DB8D9BB2D31AA7F8CE309E
:1086B0007B68DB8D9BB2002B00F08E80B7F8CE304C
:1086C000002B00F089807B681B680C33BB63BB6B9D
:1086D00053E8003F7B637B6B23F49073C7F8C8308B
:1086E0007B681B680C33D7F8C8207A643B64396C0C
:1086F0007A6C41E80023FB63FB6B002BE3D17B68C2
:108700001B6814337B627B6A53E8003F3B623B6A21
:1087100023F00103C7F8C4307B681B681433D7F813
:10872000C4203A63FB62F96A3A6B41E80023BB62FA
:10873000BB6A002BE3D17B68202283F842207B6850
:1087400000221A637B681B680C333B613B6953E86A
:10875000003FFB60FB6823F01003C7F8C0307B6864
:108760001B680C33D7F8C020FA61BB61B969FA699C
:1087700041E800237B617B69002BE3D17B68022207
:108780005A63B7F8CE301946786800F032F823E023
:10879000D7F8E43003F08003002B09D0D7F8E0309D
:1087A00003F08003002B03D0786800F035F914E063
:1087B000D7F8E43003F04003002B0ED0D7F8E030B8
:1087C00003F04003002B08D0786800F074F904E04F
:1087D00000BF02E000BF00E000BFE837BD4680BD3B
:1087E00080B483B000AF786000BF0C37BD4680BC5A
:1087F000704780B483B000AF78600B467B8000BFC9
:108800000C37BD4680BC704780B586B000AFF860BD
:10881000B9603B601346FB713BE03B6AB3F1FF3F3D
:1088200037D0FBF7EFFE02463B68D31A3A6A9A420A
:1088300002D33B6A002B01D103233AE0FB681B689B
:10884000DB6803F00403002B23D0BB68802B20D00F
:10885000BB68402B1DD0FB681B681B6803F0080336
:10886000082B16D100237B61FB681B681B687B61AA
:10887000FB681B685B687B617B69F86800F056F8F1
:10888000FB6808225A64FB68002283F84020012319
:108890000FE0FB681B681A68BB681340BA689A420D
:1088A0000CBF01230023DBB21A46FB799A42B4D0F5
:1088B000002318461837BD4680BD80B485B000AF90
:1088C000F860B9601346FB80FB68BA689A62FB687F
:1088D000FA889A85FB68FA88DA85FB6800225A6470
:1088E000FB68222283F84220FB681B69002B07D01B
:1088F000FB681B68DA68FB681B6842F48072DA6008
:10890000FB681B685A69FB681B6842F001025A61E8
:10891000FB681B68DA68FB681B6842F02002DA60BB
:10892000002318461437BD4680BC704780B495B00C
:1089300000AF78607B681B680C337B637B6B53E80C
:10894000003F3B633B6B23F49073FB647B681B68C5
:108950000C33FA6C3A64FB63F96B3A6C41E8002320
:10896000BB63BB6B002BE5D17B681B6814333B6298
:108970003B6A53E8003FFB61FB6923F00103BB64E2
:108980007B681B681433BA6CFA62BB62B96AFA6A14
:1089900041E800237B627B6A002BE5D17B681B6B7F
:1089A000012B19D17B681B680C33FB60FB6853E813
:1089B000003FBB60BB6823F010037B647B681B68CF
:1089C0000C337A6CBA617B617969BA6941E800233A
:1089D0003B613B69002BE5D17B68202283F8422074
:1089E0007B6800221A6300BF5437BD4680BC7047C5
:1089F00080B584B000AF78607B685B6AFB60FB6821
:108A00000022DA85FB680022DA84F868F9F7B2FE02
:108A100000BF1037BD4680BD80B485B000AF786020
:108A20007B6893F84130DBB2212B3ED17B689B6899
:108A3000B3F5805F14D17B681B69002B10D17B6874
:108A40001B6AFB60FB681B881A467B681B68C2F3C5
:108A500008025A607B681B6A9A1C7B681A6208E0ED
:108A60007B681B6A591C7A6811621A787B681B68DC
:108A70005A607B68DB8C9BB2013B9BB27A681946DB
:108A8000D184002B0FD17B681B68DA687B681B6878
:108A900022F08002DA607B681B68DA687B681B68FA
:108AA00042F04002DA60002300E002231846143747
:108AB000BD4680BC704780B582B000AF78607B68EF
:108AC0001B68DA687B681B6822F04002DA607B680A
:108AD000202283F841207868FFF782FE00231846A1
:108AE0000837BD4680BD80B58CB000AF78607B682C
:108AF00093F84230DBB2222B40F0AE807B689B685B
:108B0000B3F5805F17D17B681B69002B13D100235D
:108B1000FB627B689B6ABB627B681B685B689BB27D
:108B2000C3F308039AB2BB6A1A807B689B6A9A1CDB
:108B30007B689A6226E07B689B6AFB620023BB62CB
:108B40007B689B68B3F5805F07D07B689B68002BD0
:108B50000AD17B681B69002B06D17B681B685B68A8
:108B6000DAB2FB6A1A7008E07B681B685B68DBB2EC
:108B700003F07F03DAB2FB6A1A707B689B6A5A1CA7
:108B80007B689A627B68DB8D9BB2013B9BB27A6803
:108B90001946D185002B5DD17B681B68DA687B683C
:108BA0001B6822F02002DA607B681B68DA687B6849
:108BB0001B6822F48072DA607B681B685A697B68E4
:108BC0001B6822F001025A617B68202283F8422050
:108BD0007B6800225A637B681B6B012B35D17B6855
:108BE00000221A637B681B680C337B617B6953E846
:108BF000003F3B613B6923F010037B627B681B688D
:108C00000C337A6A3A62FB61F9693A6A41E80023F7
:108C1000BB61BB69002BE5D17B681B681B6803F057
:108C20001003102B0AD10023FB607B681B681B68B4
:108C3000FB607B681B685B68FB60FB687B689B8DE7
:108C400019467868FFF7D5FD02E07868F9F787FDE7
:108C5000002302E0002300E0022318463037BD461F
:108C600080BD000080B584B000AF78607B681B6871
:108C70001B6923F440517B68DA687B681B680A43F0
:108C80001A617B689A687B681B691A437B685B6919
:108C90001343BB607B681B68DB6823F4B05323F08D
:108CA0000C037A681268B9680B43D3607B681B6851
:108CB0005B6923F440717B689A697B681B680A438F
:108CC0005A617B681B682C4A934203D1FEF7A8FBCC
:108CD000F86002E0FEF790FBF860FA6813469B002C
:108CE00013449A001A447B685B689B00B2FBF3F361
:108CF000224AA2FB03235B091901FA6813469B0071
:108D000013449A001A447B685B689B00B2FBF3F241
:108D10001A4BA3FB02035B09642000FB03F3D31A85
:108D20001B013233154AA2FB03235B0903F0F00356
:108D30001944FA6813469B0013449A001A447B684E
:108D40005B689B00B2FBF3F20C4BA3FB02035B09D5
:108D5000642000FB03F3D31A1B013233074AA2FB42
:108D600003235B0903F00F027B681B680A449A60C7
:108D700000BF1037BD4680BD003801401F85EB5154
:108D8000002B2DE9F0471D46BBBF03F100431D46F4
:108D900000232D2388B01446B8BF1446129A109EA3
:108DA0001370149BDDF84CA023F02008B8F1460F97
:108DB00005D0B8F1450F00D10136022300E00323AE
:108DC00007AA049206AACDE902A2CDE900362246FE
:108DD0002B4600F0A9FEB8F1470F074619D1119BA9
:108DE000DB070ED500EB06090022002320462946AA
:108DF000F7F7DAFD08B1CDF81C903022079B4B4500
:108E00001ED33846079B159ADB1B136008B0BDE8DC
:108E1000F087B8F1460F00EB0609E5D10378302B57
:108E20000AD10022002320462946F7F7BDFD18B9D4
:108E3000C6F10106CAF80060DAF800309944D3E7B9
:108E4000591C07911A70D9E7F7B50029B6BF2D2331
:108E50002B23494209290270437029DD0DF10704D3
:108E600025460A27B1FBF7F6224607FB16133033D7
:108E700002F8013C0B46632B314604F1FF34F1DC70
:108E80003031931E04F8011C1C46411CAB420AD32E
:108E90000DF109039B1AA54238BF0023821C13441D
:108EA000181A03B0F0BD13F8016B01F8016FEDE77C
:108EB000302330318370C170031DF1E72DE9F04F8D
:108EC00091B00C46DDF8688016461F46054600F056
:108ED0000FFD036818460A93F7F73AF900230E933B
:108EE000D8F8003094F818A0073323F00703F3E80C
:108EF0000212D4F800B0CDE90812C8F800301346C9
:108F00000A46C4E91223DDE9088323F000490B90E7
:108F10004FF0FF32404649469B4BF7F777FD70BB59
:108F20004FF0FF3240464946974BF7F751FD30BBB3
:108F3000DDE9080100220023F7F740FD10B12D23E1
:108F400084F84330914A924BBAF1470F8CBF904658
:108F5000984603234FF0000923612BF0040323609C
:108F600033462146284600970FAA00F0D3F9013076
:108F700040F08F804FF0FF3011B0BDE8F08FDDE999
:108F8000082310461946F7F741FD40B1099B814A75
:108F9000002BBCBF2D2384F843307F4BD4E763689C
:108FA0000AF0DF095A1C3ED10623636000224BF40D
:108FB0008063236006920EAACDE904A20DAA039253
:108FC0000DF13302CDE90132636828460093DDE9F3
:108FD0000823FFF7D5FEB9F1470F80460D9929D137
:108FE000C81C02DB63688B4241DAAAF1020A5FFA0D
:108FF0008AFA5246013904F150000D91FFF724FF1F
:109000000E9A81461318012A236102DC2268D207D6
:1090100001D5013323619DF83330002BA0D02D23DF
:1090200084F843309CE7B9F1470FBFD1002BBDD185
:109030000123BAE7BAF1650FDBD9BAF1660F18D18F
:10904000002963680BDD216113B92268D00702D5BE
:1090500001330B4423614FF00009A165DBE713B92D
:109060002268D20701D50233F4E70123F2E74FF07B
:10907000670A0E9B8B4205DC23682161D807EAD57D
:109080004B1CE7E70029CCBF0122C1F102021344C7
:10909000E0E723685A0507D423694246314628464B
:1090A000B84701302BD165E7BAF1650F40F2DC809B
:1090B000D4E9120100220023F7F776FC002833D010
:1090C000012331462846354AB84701303FF452AFB4
:1090D000DDE90D38434502DB2368D8070FD5DDE90C
:1090E0000A2331462846B84701303FF443AF4FF0DA
:1090F000000908F1FF3804F11A0AC84509DC2368A1
:109100009B0700F10281E0680F9B9842B8BF1846A8
:1091100032E70123524631462846B84701303FF432
:1091200029AF09F10109E8E70D9B002B38DC012389
:1091300031462846194AB84701303FF41BAFDDE9F4
:109140000D3959EA030302D12368D907D7D5DDE9E0
:109150000A2331462846B84701303FF40BAF4FF0A1
:10916000000A04F11A0B0D9B5B42534501DC4B4690
:1091700093E701235A4631462846B84701303FF469
:10918000F9AE0AF1010AEEE7FFFFEF7F2EBD0008FE
:109190002ABD000836BD000832BD00083ABD0008EF
:1091A000A36DDDF838A05345A8BF5346002B994660
:1091B00036DC4FF0000B29EAE97904F11A02A36DBD
:1091C0000893A3EB09035B4531DC0D9B9A453ADC20
:1091D0002368DA0737D40D9BAAEB0309089BAAEB97
:1091E00003039945A8BF9946B9F1000F33DC4FF04E
:1091F000000829EAE97904F11A0B0D9BAAEB030395
:10920000A3EB090343457FF77AAF01235A46314662
:109210002846B84701303FF4ADAE08F10108ECE74D
:10922000424631462846B8470130C2D1A2E6012362
:10923000314628460892B84701303FF49BAE089A61
:109240000BF1010BBBE73146DDE90A232846B8479D
:109250000130C0D18EE6089A4B463146284642443A
:10926000B8470130C3D185E6DDF838A0BAF1010F67
:1092700001DCDB0736D50123424631462846B84794
:1092800001303FF477AEDDE90A2331462846B8477E
:1092900001303FF46FAED4E91201002200230AF13D
:1092A000FF3AF7F781FBC0B9534608F10102314696
:1092B0002846B84701300CD15CE601235A463146B6
:1092C0002846B84701303FF455AE08F10108D045B3
:1092D000F3DB4B4604F15002E0E64FF0000804F1E6
:1092E0001A0BF4E701234246E1E701234A463146DF
:1092F0002846B84701303FF43DAE08F10108E36865
:109300000F995B1A4345F0DCFDE64FF0000804F1CD
:109310001909F4E72DE9F047164698468A680B6963
:1093200007469342B8BF1346336091F843200C467A
:10933000DDF820900AB1013333602368990642BFFB
:10934000336802333360256815F0060506D104F151
:10935000190AE36832689B1AAB422BDC94F843305D
:109360002268003B18BF0123920630D4414638469C
:1093700004F14302C847013023D02368226903F077
:109380000603042B14BF002533684FF0000608BF06
:10939000E56804F11A0408BFED1A54F8123C08BF3E
:1093A00025EAE5759342C4BF9B1AED18B5421AD160
:1093B000002008E00123524641463846C8470130A4
:1093C00003D14FF0FF30BDE8F0870135C1E7302011
:1093D000E11881F843005A1C94F8451022440233E6
:1093E00082F84310C2E70123224641463846C84767
:1093F0000130E6D00136D9E72DE9F0430D7E85B086
:10940000782D904607460C4699460C9E01F1430282
:1094100007D8622D0AD8002D00F0D780582D00F013
:10942000BC8004F1420684F842503BE0A5F163039E
:10943000152BF6D801A151F823F000BF9594000830
:10944000A99400082394000823940008239400089A
:1094500023940008A994000823940008239400088A
:109460002394000823940008B1950008D3940008C1
:10947000639500082394000823940008D3950008FE
:1094800023940008D3940008239400082394000830
:109490006B95000833681A1D1B68326004F14206A0
:1094A00084F842300123A1E033682068191D31603F
:1094B000060601D51D6803E04506FBD5B3F900504B
:1094C000002D03DA2D236D4284F843300A235B48D4
:1094D00011E021683368080653F8045B02D449069A
:1094E00048BFADB23360237E54486F2B5CD1082354
:1094F000002184F843106668002EA66005DB216811
:109500002E4321F00401216050D01646B5FBF3F143
:1095100003FB115C10F80CC006F801CDAC466345A6
:109520000D46F3D9082B0BD12368DB0708D5236937
:1095300061689942DEBF302306F8013C06F1FF3630
:10954000921B2261434621463846CDF8009003AA7B
:10955000FFF7E0FE01304ED14FF0FF3005B0BDE81F
:10956000F083236843F0200323607825344884F88F
:1095700045502368316813F0800F51F8045B03D124
:1095800013F0400F18BFADB23160D90744BF43F0AC
:10959000200323601DB11023AAE72848E7E72368CA
:1095A00023F020032360F6E70A23A1E71646B9E774
:1095B00033682568181D616930602E061B6801D567
:1095C000196002E06806FBD5198000231646236166
:1095D000B8E7336800211A1D32601E6862683046A1
:1095E00000F0FDF908B1801B60606368236100230F
:1095F00084F84330A6E73246414638462369C847D7
:109600000130A9D023689B0713D4E068039B9842DC
:10961000B8BF1846A2E70123324641463846C8473C
:10962000013099D00135E36803995B1AAB42F2DC53
:10963000EBE7002504F11906F5E700BF3CBD000883
:109640004DBD0008002310B50446C0E90033C0E951
:109650000433836081814366C28183611946082295
:109660005C3000F03DF90D4B246263620C4BA36249
:109670000C4BE3620C4B23630C4B9C4206D003F172
:109680006802944202D0D0339C4205D104F15800C4
:10969000BDE8104000F0A0B910BD00BF3998000827
:1096A0005B98000893980008B9980008E00400202F
:1096B000024A0349034800F06BB800BF10000020C5
:1096C000A5B300082000002041680C4B10B599425A
:1096D000044601D001F066FEA168094B994202D010
:1096E000204601F05FFEE168064B994204D0204617
:1096F000BDE8104001F056BE10BD00BFE0040020E0
:1097000048050020B00500200C4B0D4A10B504217F
:109710001A600C480022FFF795FF0A4B01221C46F5
:10972000092103F16800FFF78DFF04F1D000022248
:10973000BDE810401221FFF785BF00BF18060020CA
:10974000B1960008E0040020014800F046B900BFCF
:1097500021060020014800F041B900BF2106002089
:1097600010B50446FFF7F0FF236A1BB1BDE81040B7
:10977000FFF7F0BF044B2362044B1B68002BF5D1AD
:10978000FFF7C2FFF2E700BFC996000818060020E5
:109790002DE9F8430746884614460026D4E901958A
:1097A000B9F1010905D52468002CF7D13046BDE890
:1097B000F883AB89012B07D9B5F90E30013303D0FB
:1097C00029463846C04706436835E9E70CB430B54A
:1097D000184B0C1E1D689DB008DA8B234FF0FF302C
:1097E0002B601DB0BDE8304002B070474FF40273EB
:1097F000ADF814304FF000031B930CBF234604F167
:10980000FF33049307934FF6FF7302900690ADF871
:109810001630284621AB209A02A9019301F04CFC96
:10982000431CBCBF8B232B60002CDAD00022029B90
:109830001A70D6E71C00002010B50C46B1F90E10C6
:1098400000F07CF80028ABBF636DA3891B1823F4DC
:109850008053ACBF6365A38110BD2DE9F0411F4665
:109860008B890546DB050C46164605D502230022EA
:10987000B1F90E1000F050F8A389324623F480535A
:10988000A38128463B46B4F90E10BDE8F04100F034
:1098900067B810B50C46B1F90E1000F03DF8B4F9F8
:1098A0000C30421C0BBF23F4805343F48053A3813C
:1098B000A38118BF606510BDB1F90E1000F01CB88F
:1098C00010B501390244904201D1002005E003782F
:1098D00011F8014FA34201D0181B10BD0130F2E76F
:1098E00003460244934200D1704703F8011BF9E795
:1098F000004870475C01002038B50023054D044640
:1099000008462B60FAF793FD431C02D12B6803B184
:10991000236038BD1C06002038B5044608461146B1
:109920000022054D2A601A46FAF7A5FD431C02D114
:109930002B6803B1236038BD1C06002038B50446EF
:10994000084611460022054D2A601A46FAF736FDF0
:10995000431C02D12B6803B1236038BD1C060020D4
:1099600038B50446084611460022054D2A601A46BD
:10997000FAF741FD431C02D12B6803B1236038BDC7
:109980001C060020014B1868704700BF1C00002017
:1099900070B500260C4D0D4B5B1B9C10A64209D1E7
:1099A000002602F083F80A4D0A4B5B1B9C10A6426E
:1099B00005D170BD55F8043B98470136EEE755F8E0
:1099C000043B98470136F2E7A4C00008A4C0000891
:1099D000A4C00008A8C0000870477047704703463D
:1099E00010B5C9B202449342184601D1002003E0E9
:1099F000047801338C42F6D110BD0A44914200F143
:109A0000FF3300D1704710B511F8014B914203F8B4
:109A1000014FF9D110BD2DE9F74F03690C690746D5
:109A2000A3427EDB013CA30000F1140501F1140800
:109A3000009305EB8403019358F8243055F8242053
:109A400001339A42B2FBF3F608EB84092ED34FF0B0
:109A5000000AC446AE46D3465CF8043B98B206FB07
:109A600000A01B0C020C06FB0323DEF8002080B2D2
:109A700092B2121A5A44DEF800004FEA134A9BB21F
:109A8000C3EB224303EB104392B242EA0342E145A7
:109A90004FEA234B4EF8042BDED2009BEB582BB938
:109AA000019B043B9D421A462FD33C61384601F08E
:109AB00097F9002825DB2946002058F8042BD1F817
:109AC00000C01FFA82FE1FFA8CF3A3EB0E030344BF
:109AD000120CC2EB234202EB1C429BB243EA02434C
:109AE000C1454FEA224041F8043BE6D255F8242014
:109AF00005EB840322B9043B9D421A460BD33C611B
:109B00000136304603B0BDE8F08F1268043B002AEE
:109B1000CBD1013CC6E71268043B002AEFD1013CDF
:109B2000EAE70020EEE700002DE9F04F16461F4659
:109B3000C26999B08146CDE90E67259C82B9102093
:109B400000F020FE0246C9F81C0020B9EF21A84B06
:109B5000A84801F079FC0023C0E901330360C36029
:109B6000116859B101235268484693404A608B609E
:109B700000F0FCFE0022D9F81C301A60B7F1000892
:109B8000B5BF01230023236023609B4BBCBF28F09B
:109B90000048CDF83C8033EA08031AD142F20F7333
:109BA000249AC8F3130858EA0608136000F0748575
:109BB000269B53B9914B21E0914B03930833269A8E
:109BC0001360039819B0BDE8F08F8C4B03930333F7
:109BD000F5E7DDE90E34CDE90A34DDE90A010022BA
:109BE0000023F6F7E1FE824650B10123249A136068
:109BF000269B13B1834B269A1360834B0393E0E7B4
:109C000016AB019317AB00934846DDE90A2301F038
:109C10009BF95FEA1854169D04907BD0DDE90A0198
:109C20000B9BA4F2FF34C3F3130343F07F5343F4BD
:109C30004013CDF850A019460022744BF6F794FA61
:109C400065A3D3E90023F6F747FC65A3D3E9002316
:109C5000F6F78CFA064620460F46F6F7D3FB62A3CA
:109C6000D3E90023F6F738FC02460B463046394666
:109C7000F6F77CFA06460F46F6F7DEFE002280462F
:109C8000002330463946F6F799FE48B14046F6F7CC
:109C9000B9FB32463B46F6F787FE08B908F1FF38B4
:109CA000B8F1160F53D8DDE90A01594B03EBC8038D
:109CB000D3E90023F6F782FE00284AD0002308F1FA
:109CC000FF3811932D1B6B1E099349BF00230027FA
:109CD000C5F101070993B8F1000F3CDB099BCDF8F2
:109CE00040804344099300230C93229B092B64D8A2
:109CF000052BC4BF043B2293229BC8BF0024A3F1C1
:109D00000203D8BF0124032B00F28680DFE803F0B2
:109D10005153362B179C2C4404F23243202BC1BFE5
:109D2000C3F1400308FA03F804F2124326FA03F3DE
:109D3000D6BFC3F1200348EA030006FA03F0F6F7A2
:109D400051FB0122A1F1F873013C149273E7012346
:109D5000B7E71190B6E7C8F100030C930023A7EB17
:109D600008071093C1E701230D93239B43440893F5
:109D70000133012B0593B8BF012306E001230D93A6
:109D8000239B002B4BDD0893059300210422D9F877
:109D90001C0002F114059D4246D94160484600F07E
:109DA000A7FD0390002842D1024640F2AF11194BA3
:109DB000CEE60023E3E70023D6E7012400230D9439
:109DC00022934FF0FF33002208930593122323922E
:109DD000DBE700BFAFF3008061436F63A787D23F2B
:109DE000B3C8608B288AC63FFB799F501344D33F8A
:109DF0006BBD000882BD00080000F07F67BD000851
:109E00005EBD00083BBD00083ABD00080000F83FF9
:109E1000D0BE0008DABD000801230D93D1E701236D
:109E20001A4608930593D2E701315200B1E7D9F8F9
:109E30001C30039A1A60059B0E2B00F2A180002CA7
:109E400000F09E80B8F1000F36DD9F4B08F00F0246
:109E500003EBC20318F4807F4FEA2815D3E900AB67
:109E600016D0DDE90A01994B0324D3E90823F6F75C
:109E70005DFCCDE9060105F00F05944E75B9DDE9ED
:109E8000060152465B46F6F751FC82468B462DE0B2
:109E9000DDE90A34CDE906340224EEE7E90708D506
:109EA000D6E9002350465946F6F716FB82468B4604
:109EB00001346D100836E1E700F0AD80DDE90A01FC
:109EC000C8F10005804B05F00F0203EBC203D3E994
:109ED0000023F6F701FB022482468B4600237B4ECB
:109EE0002D11002D40F08C80002BCED1119B002B2A
:109EF00000F09580002250465946754BF6F75EFDFE
:109F0000002800F08C80059B002B00F08880089BC7
:109F1000002B35DD08F1FF335046594606930022E9
:109F20006C4BF6F7D9FA82468B46089E01342046E0
:109F3000F6F768FA52465B46F6F7CEFA0022664B11
:109F4000F6F714F90446A1F15075CDE91245002E3B
:109F500069D1002250465946604BF6F705F9224672
:109F60002B4682468B46F6F747FD002840F0998243
:109F700022465046594605F10043F6F71FFD20BB27
:109F8000179B002BC0F26581B8F10E0F00F36181C1
:109F90004D4B03EBC803D3E900AB239B002B80F2AE
:109FA000EF80059B002B00F3EB800ED100224B4B82
:109FB00050465946F6F790FA02460B46DDE90A018B
:109FC000F6F706FD002800F06F8200252C46239B43
:109FD000039EDB430693274600242946484600F0AB
:109FE000C5FC002F00F0C2802CB1BC4203D021463A
:109FF000484600F0BBFC3946484600F0B7FCB5E0E7
:10A00000EA0705D5D6E90023F6F766FA01230134FD
:10A010006D10083665E70224DDE90AAB66E7059EA8
:10A02000CDF8188083E7284B03EBC60353E9020100
:10A030000D9B002B56D002460B4600202849F6F710
:10A0400075FBDDE91223F6F78FF8039BCDE91201CA
:10A050009D191E4659465046F6F7EEFC0446F6F7A3
:10A06000D1F902460B4650465946F6F77DF8DDE930
:10A070001223303406F8014B82468B46F6F79EFCDD
:10A08000002873D152465B4600201149F6F76CF860
:10A09000DDE91223F6F792FC002840F0BB80AE42C7
:10A0A0003FF46EAFDDE9120100220A4BF6F714FA15
:10A0B0000022CDE91201074B50465946F6F70CFA3B
:10A0C00082468B46C6E700BFD0BE0008A8BE000887
:10A0D0000000F03F0000244000001C40000014403D
:10A0E0000000E03FDDE91223F6F7F6F9039BCDE926
:10A0F00012013344039D159359465046F6F79CFCD4
:10A100000446F6F77FF90B46024659465046F6F7E5
:10A110002BF83034159B05F8014B9D4282468B4647
:10A1200027D1DDE91201039B00221E44B54BF6F74F
:10A130001DF802460B4650465946F6F75DFC0028CE
:10A1400068D1DDE912230020AE49F6F70DF802468A
:10A150000B4650465946F6F731FC00283FF410AF45
:10A16000334616F8012D302AFAD01E46DDF8188045
:10A170003EE00022A44BF6F7AFF982468B46BBE7E0
:10A180000024039EA04D5246DDE90A015B46F6F726
:10A19000CDFAF6F751FC0746F6F734F952465B461E
:10A1A000F6F79AF902460B46DDE90A01F5F7DCFFFE
:10A1B00007F1300C06F801CBDDF80CC0DDF814E037
:10A1C000A6EB0C0CE64502460B4633D1F5F7CEFF65
:10A1D00052465B4604460D46F6F70EFCC0B95246A1
:10A1E0005B4620462946F6F7DFFB08B1FB070FD494
:10A1F0004846049900F0BAFB0023249A337008F112
:10A2000001031360269B002B3FF4DBAC1E60D8E4F7
:10A21000CDF8188033461E4613F8012D392A06D191
:10A22000039A9A42F7D1069A0132069230220132FD
:10A230001A709BE722462B46F6F74EF902460B466C
:10A24000CDE90A2300220023F6F7AEFB00289AD0BE
:10A25000CEE70D9A002A00F0E380229A012A00F34B
:10A26000C280149A002A00F0BA8003F233430C9D96
:10A270003E46099A01211A4448461F44099200F0BB
:10A2800029FC044656B1099B002B07DDB342A8BF49
:10A290003346099AFF1AF61AD31A09930C9B0BB38B
:10A2A0000D9B002B00F0C380002D00F0BD802146E7
:10A2B0002A46484600F0CCFC049A0146044648462B
:10A2C00000F01EFC04998246484600F04FFB0C9BB0
:10A2D0005B1B0C9300F0AE8051460C9A484600F090
:10A2E000B7FC04900121484600F0F4FB109B0546A2
:10A2F000002B00F0D8811A460146484600F0A8FC21
:10A30000229B0546012B00F39D800E9B002B40F005
:10A3100094800F9BC3F31303002B40F08E800F9BA0
:10A3200023F000431B0D1B05002B00F089804FF02C
:10A33000010A099B013701330993109B002B00F0A0
:10A34000B8812B6905EB8303186900F077FBC0F136
:10A350002000099B184410F01F007ED0C0F120039C
:10A36000042B72DD099BC0F11C0003440744064422
:10A370000993002F05DD3A464846049900F0C4FCD5
:10A380000490099B002B05DD29461A46484600F03B
:10A39000BBFC0546119B002B61D02946049800F0B8
:10A3A0001FFD00285BDA08F1FF3306930A22002321
:10A3B0004846049900F0FCFA0D9B0490002B00F035
:10A3C0007A81002321460A22484600F0F1FA089BD0
:10A3D0000446002B72DC229B022B49DC6EE0169BAC
:10A3E000C3F1360343E7059B5D1E0C9BAB420DDBBF
:10A3F0005D1B059B002BBFF63BAF059BFE1A0023A0
:10A4000037E700BF0000E03F000024400C9B109A9B
:10A41000EB1A1A440C953E460025059B109228E73E
:10A420003E460C9D0D9C2DE7DDF810A054E70C9ADC
:10A43000049953E7CDF810A054E74FF0000A7CE7E9
:10A440009A467AE74FF0000A7BE792D0099A1C33CC
:10A450001A441F441E4409928BE70346F6E7059B06
:10A46000CDF81880002B23DC0893229B022B21DDE2
:10A47000089B002B7FF4ABAD29460522484600F02F
:10A4800097FA01460546049800F0AAFC00287FF7D9
:10A490009EAD3123039E06F8013B069B01330693D4
:10A4A00099E535462C46F4E7059DCDF81880F9E787
:10A4B000059B08930D9B002B00F00181002E05DD0C
:10A4C00021463246484600F01FFC0446BAF1000F10
:10A4D0005AD04846616800F00BFA064628B9024691
:10A4E00040F2EF21814BFFF733BB226904F10C01ED
:10A4F000023292000C30FFF780FA012231464846C2
:10A5000000F002FC0746039B039A03F1010B089B32
:10A5100013440A930E9B03F0010309930BF1FF33DD
:10A52000294604980593FFF776FA2146089000F132
:10A53000300A049800F054FC3A46804629464846C2
:10A5400000F06AFCC268064602BB0146049800F0AF
:10A5500047FC0246314648460C9200F007FA229B1F
:10A560000C9A5E4642EA0301099B194310D1BAF1E5
:10A57000390F2BD0B8F1000F02DD089B03F1310A2F
:10A58000059B83F800A028E52746BCE70122E1E708
:10A59000B8F1000F06DB229B48EA0308099B58EA42
:10A5A000030820D1002AEBDD01220499484600F07F
:10A5B000ABFB2946049000F013FC002803DCDFD13C
:10A5C0001AF0010FDCD0BAF1390FD6D13923059A30
:10A5D000137033461E4616F8012C013B392A53D01E
:10A5E00001321A70F9E4002A07DDBAF1390FEDD013
:10A5F000059A0AF101031370EFE40A9B0BF801AC12
:10A600005B452BD000230A220499484600F0D0F97C
:10A61000BC4204904FF000034FF00A022146484626
:10A6200006D100F0C5F9044607460BF1010B75E7AA
:10A6300000F0BEF93946044600230A22484600F0DD
:10A64000B7F90746F1E7089B2746002B03F1FF36D1
:10A65000D8BF00260024039B5A1C164401220499EB
:10A66000484600F051FB2946049000F0B9FB002851
:10A67000AFDC02D11AF0010FABD133461E4613F8FE
:10A68000012D302AFAD0A8E4039A9A42A2D1069B5F
:10A69000013306933123AEE7269B002B7FF48CAA6F
:10A6A000134BFFF7ABBA229B012B7FF72EAEDDF8E1
:10A6B00040A001204DE6089B002B7FF7D6AE039EFD
:10A6C00029460498FFF7A7F9039B00F1300A06F822
:10A6D00001ABF21A089B9342B5DD00230A224846DB
:10A6E000049900F065F90490EAE700BFDABD0008BC
:10A6F0005EBD000838B50546002940D051F8043C3D
:10A700000C1F002BB8BFE41800F0E6F81C4A1368D1
:10A7100033B9636014602846BDE8384000F0E2B801
:10A72000A34208D9206821188B4201BF19685B68D1
:10A7300009182160EDE71A465B680BB1A342FAD90C
:10A7400011685018A0420BD1206801445018834270
:10A750001160E0D118685B68084410605360DAE764
:10A7600002D90C232B60D6E7206821188B4201BF49
:10A7700019685B680918216063605460CBE738BDD5
:10A7800028060020024B0146186800F025B800BFDB
:10A790001C00002070B50F4E0C463168054611B9FB
:10A7A00000F042FE30602146284600F03DFE431C8A
:10A7B00003D14FF0FF34204670BDC41C24F00304C5
:10A7C000A042F8D0211A284600F02EFE0130F2D126
:10A7D000EFE700BF240600202DE9F843CD1C25F04B
:10A7E000030508350C2D38BF0C25002D064601DB6E
:10A7F000A94204D90C2333600020BDE8F883DFF8B8
:10A80000D48000F069F8D8F800301C4644BB2946D3
:10A810003046FFF7BFFF431C044658D1D8F800402C
:10A820002746002F43D1002C4BD0236839463046B1
:10A8300004EB030900F0F8FD814542D12168304660
:10A840006D1A2946FFF7A6FF01303AD023682B4442
:10A850002360D8F800305A6862BBC8F800700FE077
:10A860002268521B20D40B2A17D96119A3422560F4
:10A8700018BF5960636808BFC8F8001062514B6088
:10A88000304600F02FF804F10B00231D20F00700E4
:10A89000C21A1CBF1B1AA350AFE76268A3420CBFC9
:10A8A000C8F800205A60EBE723466468AEE73C46F0
:10A8B0007F68B6E71A465B68A342FBD1002353606A
:10A8C000DEE70C233046336000F00CF894E70560B7
:10A8D000D6E700BF280600200148FFF77EB800BF7A
:10A8E000200600200148FFF779B800BF20060020AD
:10A8F00070B5C46905460E4684B91020FFF742FFC3
:10A900000446E86128B902466B21164B164800F050
:10A910009BFD0023C0E901330360C360E36853B9C2
:10A9200021220421284600F0ADFDEB69E060DB68E0
:10A930000BB9002070BD53F8260030B1026843F80F
:10A9400026200023C0E90333F4E7012101FA06F4CD
:10A95000621D2846920000F095FD0028E9D0C0E96C
:10A960000164EEE76BBD0008EBBD000870B5C66979
:10A9700005460C4676B91020FFF704FF0246E86151
:10A9800020B98F21084B094800F05EFDC0E901663F
:10A990000660C6603CB1EB696268DB6853F8221060
:10A9A000216043F8224070BD6BBD0008EBBD00087C
:10A9B0002DE9F04107460C461E4600200D6901F1C5
:10A9C000140CDCF80030013099B202FB01611E0C5E
:10A9D0000B0C02FB063389B201EB034185424FEABF
:10A9E00013464CF8041BECDC0EB3A368AB4219DC35
:10A9F000616838460131FFF77BFF804628B902467F
:10AA0000BA210C4B0C4800F01FFD226904F10C0127
:10AA1000023292000C30FEF7F0FF21463846FFF775
:10AA2000A5FF444604EB850301355E6125612046A0
:10AA3000BDE8F081DABD0008EBBD00080346B0F5C3
:10AA4000803F3ABF030410200020B3F1807F3CBF59
:10AA50001B020830B3F1805F3CBF1B010430B3F12F
:10AA6000804F3CBF9B000230002B05DB13F0804F72
:10AA700000F1010008BF202070470368024613F070
:10AA800007000BD0D90721D4980749BF5B089B0862
:10AA9000012013605CBF02201360704799B209B9AE
:10AAA00010201B0CD9B209B908301B0A190704BFC2
:10AAB0001B090430990704BF9B080230D90703D44F
:10AAC0005B0800F1010003D013607047002070475D
:10AAD0002020704710B50C460121FFF709FF024600
:10AAE00028B940F24511044B044800F0ADFC0123A5
:10AAF0004461036110BD00BFDABD0008EBBD000872
:10AB00002DE9F04FD1F81090D2F810A08846D14529
:10AB1000144685B004DB53460C46CA469046994617
:10AB2000A36861680AEB0906B342B8BF0131FFF7B9
:10AB3000DFFE30B902464FF4B171434B434800F099
:10AB400083FC00F114052B46002205EB8607BB426F
:10AB50001FD304F1140C08F114010CEB8A0301EB70
:10AB6000890202921A1B153A22F0030215349C4204
:10AB700088BF00220192029A03918A420CD8002ECB
:10AB800003DD57F8043D002B5CD0066105B0BDE83D
:10AB9000F08F43F8042BDAE7B1F800A0BAF1000F08
:10ABA00023D0E046A9464FF0000E58F8042BD9F800
:10ABB00000401FFA82FBA4B20AFB0B447444D9F88C
:10ABC00000E0120C4FEA1E4E0AFB02E202EB1442B6
:10ABD000A4B244EA024443454FEA124E49F8044BFA
:10ABE000E3D8019AAA18C2F804E0039A0431B2F833
:10ABF0000280B8F1000F23D02A68E6469146AA46A3
:10AC00004FF0000BBEF8004092B208FB04B404EB16
:10AC1000194442EA04424AF8042B5EF8042BDAF89D
:10AC200000904FEA124B1FFA89F208FB0B22734582
:10AC300002EB14424FEA124BE4D8019C2C196260DB
:10AC4000043598E7013E9AE7DABD0008EBBD00083D
:10AC50002DE9F843174612F0030280460D4607D04F
:10AC6000264C013A002354F82220FFF7A1FE0546A6
:10AC7000BF103FD0D8F81C4094B91020FFF782FDD8
:10AC80000446C8F81C0030B9024640F2B3111C4B10
:10AC90001C4800F0D9FB0023C0E901330360C36006
:10ACA000A66846B940F271214046FFF713FF002322
:10ACB0000646A06003602C464FF0000907F0010330
:10ACC0007F1053B1294632464046FFF719FF21460F
:10ACD00005464046FFF74AFE67B1306838B932464C
:10ACE00031464046FFF70CFF3060C0F80090064642
:10ACF0002C46E3E72846BDE8F88300BF9CBE000869
:10AD00006BBD0008EBBD00082DE9F84F0C46074667
:10AD100015462369496803EB6218A3684FEA621A73
:10AD200008F101094B450BDB3846FFF7E1FD06460C
:10AD300048B902464FF4EF71274B284800F084FBD6
:10AD400001315B00EEE70023194600F1140C00F11D
:10AD50001002534534DB22692AEAEA7A0CEB8A0CAA
:10AD600004F1140315F01F0E614603EB82022BD091
:10AD70000025CEF1200A8B461868043100FA0EF047
:10AD80002843CBF8000053F8045B9A4225FA0AF5F1
:10AD9000F1D8131B153B23F0030304F115018A427C
:10ADA00038BF00239C44CCF8045005B9C14638464E
:10ADB0002146C6F81090FFF7D9FD3046BDE8F88F60
:10ADC00042F8041F0133C4E753F8045B04319A428C
:10ADD00041F8045CF8D8E9E7DABD0008EBBD0008EB
:10ADE00003460A69006930B5801A0ED11433143154
:10ADF00003EB820401EB820154F8045D51F8042D49
:10AE0000954203D005D24FF0FF3030BDA342F3D3BB
:10AE1000FBE70120F9E700002DE9F74F8A460646D7
:10AE2000114650461446FFF7DBFF051E12D1294696
:10AE30003046FFF75DFD024628B940F23721404B0E
:10AE4000404800F001FB0123C0E90435104603B07F
:10AE5000BDE8F08FBCBF5346A2463046DAF8041076
:10AE6000BABF1C4601250025FFF742FD024618B96E
:10AE700040F24521324BE3E7C56000F11405AB46D3
:10AE80004FF0000CDAF8107026690AF1140904F189
:10AE9000140E0AF1100309EB87080EEB86060193E6
:10AEA000019B5EF8040B53F804AF81B201931FFAC3
:10AEB0008AF35B1A000C6344C0EB1A4000EB23409A
:10AEC0009BB243EA004376454FEA204C4BF8043BE3
:10AED000E6D8331B153B153423F00303A64238BFD5
:10AEE0000023E8184B441C1D26460430A5EB090539
:10AEF000464506EB050E0ED308F10301091B21F0B0
:10AF000003010133984538BF0021014451F8043D45
:10AF1000A3B117619AE7E24656F8041B1FFA81FCB9
:10AF2000D4444FEA1149514409EB2C4989B241EA12
:10AF300009414FEA294CCEF80010D9E7013FE5E777
:10AF4000DABD0008EBBD00082DE9734301219046EE
:10AF50009946089EFFF7CCFC044630B9024640F201
:10AF60000F31234B234800F06FFAC9F30A55C9F398
:10AF700013030DB143F480130193B8F1000324D0FF
:10AF800068460093FFF779FD0099E0B1019AC0F19E
:10AF9000200302FA03F30B43C24063610192019B59
:10AFA000002B0CBF01220222A3612261ADB1A5F2E8
:10AFB000334505443560C0F13500099B18602046D3
:10AFC00002B0BDE870836161E9E701A8FFF755FDB4
:10AFD000019B012263612030E7E7A0F2324004EBDD
:10AFE000820330601869FFF729FDC0EB4210E4E7E7
:10AFF000DABD0008EBBD00082DE9F0471F468E685A
:10B000008246BE420C469046334653D8B1F90C00F6
:10B0100010F4906F2BD065692368096905EB45052D
:10B02000A3EB010905EBD5757B1C6D104B44AB42BE
:10B030002A4684BF1D462A46430527D51146504659
:10B04000FFF7CAFB064658B34A462169FEF7D5FC0E
:10B05000A38923F4906343F08003A38126614E44C7
:10B0600026603B463E466561A5EB0905A5601F4687
:10B070003A464146206800F0BDF90020A3689B1BBA
:10B08000A36023683B442360BDE8F087504600F08E
:10B090001FFA06460028E1D150462169FFF72AFB36
:10B0A0000C23CAF80030A3894FF0FF3043F040036F
:10B0B000A381E9E73E46DBE72DE9F0471F468B8990
:10B0C00006461B060D4614469CB010D50B6973B995
:10B0D0004021FFF781FB2860286130B90C233360E1
:10B0E0004FF0FF301CB0BDE8F08740236B610023B8
:10B0F000099320238DF8293030234FF0010803975E
:10B10000644F8DF82A302346994613F8012B0AB173
:10B11000252AF9D1B9EB040A0BD053462246294619
:10B120003046FFF769FF013000F0A480099A5244CD
:10B13000099299F80030002B00F09C8000234FF01A
:10B14000FF32CDE9052309F10109049307938DF836
:10B1500053301A934C46052214F8011B4D48FEF754
:10B160003EFC049BD0B9D80644BF20228DF8532062
:10B17000190744BF2B228DF8532099F800202A2A62
:10B1800013D04C4600204FF00A0C079A214611F8C4
:10B19000013B303B092B49D968B913E0C01B08FAC1
:10B1A00000F01843A1460490D4E7039A111D1268D9
:10B1B0000391002A01DB079204E0524243F00203AC
:10B1C0000792049323782E2B0AD163782A2B32D14D
:10B1D000039B02341A1D1B68039243EAE373059331
:10B1E000DFF8B490032248462178FEF7F8FB38B127
:10B1F0004022049BA0EB09008240134301340493D6
:10B2000014F8011B062225488DF82810FEF7E7FBED
:10B21000002835D0224818BB039B073323F00703CF
:10B2200008330393099B034409936CE70C46012000
:10B230000CFB0232AAE700234FF00A0C1946013436
:10B240000593204610F8012B303A092A03D9002B28
:10B25000C6D00591C4E7044601230CFB0121F0E7A9
:10B2600003AB00932A4630460E4B04A9FDF726FE99
:10B27000421CD7D1AB895B063FF532AF099831E765
:10B2800003AB00932A463046064B04A9FEF7B4F8F8
:10B29000EEE700BF44BE00084ABE00084EBE0008EC
:10B2A000BD8E0008F9AF0008B1F90C20F8B51607FB
:10B2B00005460C4651D44B68002B02DC0B6C002B6E
:10B2C00049DDE66A002E46D0002312F480522F6832
:10B2D0002B6031D0626DA389590705D56368D21AF6
:10B2E000636B0BB1236CD21A00232846E66A216AED
:10B2F000B047421CB4F90C3006D129681D2945D845
:10B30000274ACA40D60741D5002262602269D90483
:10B31000226004D5421C01D12B6803B96065616BC2
:10B320002F60C1B104F14403994202D02846FFF7CF
:10B33000E1F9002363630EE001232846216AB04748
:10B340000246501CC7D12B68002BC4D01D2B01D046
:10B35000162B19D12F6000201DE00F69002FFAD0A5
:10B36000930718BF00230E6808BF4B69F61B0F60D8
:10B370008B60002EEFDD33463A462846216AD4F82A
:10B3800028C0E047002807DCB4F90C304FF0FF304C
:10B3900043F04003A381F8BD0744361AE9E700BF34
:10B3A0000100402038B50B6905460C4613B900254D
:10B3B000284638BD18B1036A0BB9FEF7D1F9B4F9C4
:10B3C0000C30002BF3D0626ED00704D4990502D460
:10B3D000A06DFEF702FB28462146FFF765FF636E6E
:10B3E0000546DA07E4D4A3899B05E1D4A06DFEF7F6
:10B3F000F5FADDE7884210B501EB020402D9844278
:10B40000234607D8431EA14207D011F8012B03F8A9
:10B41000012FF8E70244824200D110BD13F8011D4C
:10B4200002F8011DF7E7000038B50023054D04467A
:10B4300008462B60F9F72CF8431C02D12B6803B1A6
:10B44000236038BD1C0600201FB514461A46094B60
:10B4500005461B68D8684CB1074BCDE90134009113
:10B460002B46064900F070F800F080F8044B1C46AB
:10B47000F3E700BF1C0000205FBE00086CBE0008A0
:10B480009ABE000870B5A1FB025434B92946FFF7F3
:10B49000A3F9064628B9304670BD0C22002602608A
:10B4A000F9E72A462146FEF71BFAF4E782B001B914
:10B4B00001A942B14BB113780B601278101E18BF6E
:10B4C000012002B070471046FBE76FF00100F8E77B
:10B4D0002DE9F041074614460D4621B91146BDE855
:10B4E000F041FFF779B92AB9FFF704F92546284654
:10B4F000BDE8F08100F041F88442064602D8B4EB82
:10B50000500FF4D821463846FFF766F9804608B94F
:10B510004546ECE7B4422246294628BF3246FEF7AC
:10B520006CFA29463846FFF7E5F8F1E70346084686
:10B5300041B1FF2A04D98A224FF0FF301A607047C8
:10B5400001200A70704700000EB403B5014603AB3A
:10B55000054853F8042B0068019300F03DF802B051
:10B560005DF804EB03B070471C000020062008B50E
:10B5700000F000FA0120F8F716FF51F8043C181FFC
:10B58000002BBCBF0B58C0187047936810B4013B28
:10B59000002B936007DA9469A34201DB0A2902D1E8
:10B5A00010BC00F02DB91368581C106019700846C3
:10B5B00010BC7047F8B506460F461446D518AC4285
:10B5C00001D1002007E03A46304614F8011BFFF78E
:10B5D000DCFF431CF3D1F8BD2DE9F0470D461446BE
:10B5E0001F4606469CB018B1036A0BB9FEF7B8F8BF
:10B5F0006B6ED90705D4AB899A0502D4A86DFEF706
:10B60000ECF9AB891B0701D52B699BB9294630465C
:10B6100000F034F970B16B6EDC0704D54FF0FF30E9
:10B620001CB0BDE8F087AB899805F7D4A86DFEF78C
:10B63000D5F9F3E70023099320238DF8293030232F
:10B640004FF001080397694F8DF82A302346994639
:10B6500013F8012B0AB1252AF9D1B9EB040A0BD052
:10B660005346224629463046FFF7A4FF013000F03A
:10B67000A480099A5244099299F80030002B00F0F6
:10B680009C8000234FF0FF32CDE9052309F1010929
:10B69000049307938DF853301A934C46052214F8FF
:10B6A000011B5248FEF79BF9049BD0B9D90644BF51
:10B6B00020228DF853201A0744BF2B228DF85320E7
:10B6C00099F800202A2A13D04C4600204FF00A0C8B
:10B6D000079A214611F8013B303B092B49D968B93B
:10B6E00013E0C01B08FA00F01843A1460490D4E709
:10B6F000039A111D12680391002A01DB079204E0EE
:10B70000524243F002030792049323782E2B0AD16E
:10B7100063782A2B32D1039B02341A1D1B680392D3
:10B7200043EAE3730593DFF8C89003224846217883
:10B73000FEF755F938B14022049BA0EB0900824086
:10B7400013430134049314F8011B062229488DF891
:10B750002810FEF744F900283ED0274818BB039B69
:10B76000073323F0070308330393099B034409932A
:10B770006CE70C4601200CFB0232AAE700234FF0D5
:10B780000A0C194601340593204610F8012B303A73
:10B79000092A03D9002BC6D00591C4E7044601232A
:10B7A0000CFB0121F0E703AB00932A463046134B14
:10B7B00004A9FDF783FB431CD7D16B6ED90705D4D1
:10B7C000AB899A0502D4A86DFEF708F9AB895B0630
:10B7D0003FF524AF099823E703AB00932A46304690
:10B7E000064B04A9FDF708FEE5E700BF44BE0008CC
:10B7F0004ABE00084EBE0008BD8E0008B5B5000860
:10B80000F8B50E461446054618B1036A0BB9FDF7A4
:10B81000A7FFA369A360A3891A0701D5236943B9C8
:10B820002146284600F02AF818B14FF0FF37384675
:10B83000F8BD23682269F6B2981A636937468342D5
:10B8400005DC21462846FFF7ADFD0028EDD1A368B1
:10B85000013BA36023685A1C22601E706269431C6E
:10B860009A4204D0A389DB07E1D50A2EDFD1214615
:10B870002846FFF797FD0028D9D0D6E738B5284BE2
:10B88000054618680C4618B1036A0BB9FDF768FF46
:10B89000B4F90C301A0721D4D80607D409222A603B
:10B8A00043F040034FF0FF30A38130E0590712D539
:10B8B000616B41B104F14403994202D02846FEF77E
:10B8C00019FF002363630022B4F90C30626022691F
:10B8D00023F02403226043F00803A38122693AB9CC
:10B8E0009A0501D5180603D52146284600F082F8AE
:10B8F000B4F90C3013F001020AD00022A260626990
:10B900005242A261226942B913F08000C8D138BD09
:10B91000990758BF6269A260F4E70020F7E700BF0B
:10B920001C0000201F2938B505460C4604D91623F3
:10B9300003604FF0FF3038BDC26B12B152F82130B6
:10B940004BB9284600F030F8224601462846BDE8AB
:10B95000384000F017B8012B0AD0591C03D1162328
:10B9600003600120E7E70021204642F824109847B1
:10B970000020E0E7024B01461868FFF7D3BF00BF85
:10B980001C00002038B50023064D04460846114629
:10B990002B60F8F7F8FC431C02D12B6803B123603D
:10B9A00038BD00BF1C060020F8F7E6BC70B50C4699
:10B9B000B1F90E10154600291E4696B00ADAA18983
:10B9C00011F0800113D14FF48062002031602A60B1
:10B9D00016B070BD6A4600F047F80028EFDB019909
:10B9E00001F47041A1F5005359425941EBE70021A0
:10B9F0004022EAE78B8973B59E0705460C4607D5BA
:10BA000004F14703236023610123636102B070BD29
:10BA100001AB6A46FFF7CAFF009E28463146FEF793
:10BA2000DBFEB4F90C3038B99A05EFD423F00303E8
:10BA300043F00203A381E3E743F08003A381019B6A
:10BA4000C4E904062060002BE0D02846B4F90E10AB
:10BA500000F01CF80028D9D0A38923F0030343F099
:10BA60000103A381D2E7000038B50023064D044648
:10BA7000084611462B60F8F7E5FC431C02D12B6801
:10BA800003B1236038BD00BF1C06002038B5002379
:10BA9000054D044608462B60F8F7E3FC431C02D131
:10BAA0002B6803B1236038BD1C060020F8B500BF29
:10BAB000F8BC08BC9E467047F8B500BFF8BC08BC8F
:04BAC0009E467047E7
:10BAC8002B2D2D2D2D2D2D2D2D2D2D2D2D2D2D2DA0
:10BAD8002D2D2D2B00000000536F6C4772696400F8
:10BAE800534D41525420454E4552475920424D53DB
:10BAF80000000000424F4F54205B0000534F43208A
:10BB08005B0000002D2D2D25000000002533752534
:10BB1800250000002D2D2E2D430000002D000000D3
:10BB2800000000002573256C752E256C75430000F8
:10BB3800536F6C4772696420424D5300464C542140
:10BB4800000000004F4E2020000000004F46462015
:10BB580000000000563A256C752E2530326C75565B
:10BB680000000000563A2D2D2E2D2D560000000005
:10BB7800493A2563256C752E2530326C75410000D5
:10BB8800493A2D2D2E2D2D41000000004F55543AD5
:10BB98004F4E00004F55543A4F46460043454C4CD3
:10BBA80053000000464C54004F4B200045525200B1
:10BBB8004325753A256C752E2530326C7556000074
:10BBC8004325753A2D2D2E2D2D5600000000803F5F
:10BBD80000000040DFE043403EF880400000803F26
:10BBE8000000803F0000803FC79F803F0000803FEB
:10BBF8000000803F0000803F0000803F0000000000
:10BC0800000000000000000000000000713D6A41D3
:10BC1800A47069419A995941CDCC5441295C53414A
:10BC280052B85241713D52419A995141EC5150419B
:10BC380066664E41CDCC4C417B144A4148E14641B1
:10BC4800E17A3C419A9935418FC23141D7A32C41C1
:10BC580000002841000020410000C8420000C44202
:10BC68000000BE420000B4420000A04200008C4226
:10BC78000000704200004842000020420000F041ED
:10BC88000000A04100007041000020410000A040D9
:10BC98000000804000004040000000400000803F5D
:10BCA80000000000000C01402000001E0100000000
:10BCB800000000000000001E00000000000000005E
:10BCC8000000001E00000000000000000000001E30
:10BCD800000000000408101F01020400040A0A0AF8
:10BCE8000A111F0E000000000000000001020304FA
:10BCF8000607080900000000010203040203040506
:10BD0800060708090A0B0C0D0E0F1010010200009F
:10BD180002030405060708090A0B0C0D0E0F101084
:10BD28000102494E4600696E66004E414E006E6142
:10BD38006E003000303132333435363738394142CD
:10BD4800434445460030313233343536373839616B
:10BD5800626364656600496E66696E697479004E4F
:10BD6800614E005245454E54206D616C6C6F6320E6
:10BD7800737563636565646564002F6275696C64D7
:10BD88002F676E752D746F6F6C732D666F722D73C0
:10BD9800746D33325F31342E332E72656C312E322E
:10BDA800303235313032372D303730302F737263BF
:10BDB8002F6E65776C69622F6E65776C69622F6C80
:10BDC8006962632F7374646C69622F64746F612E87
:10BDD800630042616C6C6F632073756363656564AF
:10BDE8006564002F6275696C642F676E752D746FBA
:10BDF8006F6C732D666F722D73746D33325F3134CF
:10BE08002E332E72656C312E323032353130323766
:10BE18002D303730302F7372632F6E65776C6962FF
:10BE28002F6E65776C69622F6C6962632F73746417
:10BE38006C69622F6D707265632E6300232D302B41
:10BE48002000686C4C006566674546470043005013
:10BE58004F534958002E002C2066756E6374696F25
:10BE68006E3A2000617373657274696F6E202225C3
:10BE78007322206661696C65643A2066696C652086
:10BE8800222573222C206C696E6520256425732574
:10BE9800730A000005000000190000007D00000082
:10BEA8000080E03779C34143176E05B5B5B89346AE
:10BEB800F5F93FE9034F384D321D30F94877825A7A
:10BEC8003CBF737FDD4F1575000000000000F03F98
:10BED800000000000000244000000000000059405D
:10BEE8000000000000408F40000000000088C340B0
:10BEF80000000000006AF8400000000080842E4125
:10BF080000000000D01263410000000084D7974170
:10BF18000000000065CDCD41000000205FA0024276
:10BF2800000000E876483742000000A2941A6D42EB
:10BF3800000040E59C30A2420000901EC4BCD642DE
:10BF480000003426F56B0C430080E03779C3414389
:10BF580000A0D8855734764300C84E676DC1AB43FF
:10BF6800003D9160E458E143408CB5781DAF15441D
:10BF780050EFE2D6E41A4B4492D54D06CFF08044F8
:10BF8800F64AE1C7022DB544B49DD9794378EA440D
:10BF98000020202020202020202028282828282091
:10BFA8002020202020202020202020202020202089
:10BFB80020881010101010101010101010101010F1
:10BFC80010040404040404040404041010101010E1
:10BFD80010104141414141410101010101010101AB
:10BFE80001010101010101010101010110101010FD
:10BFF800101042424242424202020202020202027D
:10C0080002020202020202020202020210101010D0
:10C0180020000000000000000000000000000000F8
:10C028000000000000000000000000000000000008
:10C0380000000000000000000000000000000000F8
:10C0480000000000000000000000000000000000E8
:10C0580000000000000000000000000000000000D8
:10C0680000000000000000000000000000000000C8
:10C0780000000000000000000000000000000000B8
:10C0880000000000000000000000000000000000A8
:04C0980000000000A4
:08C09C00B440FF7F0100000029
:04C0A400350100085A
:04C0A800110100087A
:10C0AC00FF01000000127A001000000001000000E7
:10C0BC000000000003000000E0040020200000202D
:10C0CC0000000000E004002048050020B00500201E
:10C0DC000000000000000000000000000000000054
:10C0EC000000000000000000000000000000000044
:10C0FC000000000000000000000000000000000034
:10C10C0000000000000000000000000043000000E0
:10C11C000000000000000000000000000000000013
:10C12C0000000000000000000000000043000000C0
:10C13C0000000000000000000000000000000000F3
:10C14C0000000000000000000000000043000000A0
:10C15C0000000000000000000000000000000000D3
:10C16C000000000000000000000000004300000080
:10C17C0000000000000000000000000000000000B3
:10C18C000000000000000000000000004300000060
:10C19C000000000000000000000000000000000093
:10C1AC000000000000000000000000004300000040
:10C1BC000000000000000000000000000000000073
:10C1CC000000000000000000000000004300000020
:10C1DC000000000000000000000000000000000053
:10C1EC000000000000000000000000002DB5000859
:10C1FC00ADB400080000000098BF00085DBE000848
:10C20C009ABE00089ABE00089ABE00089ABE0008A2
:10C21C009ABE00089ABE00089ABE00089ABE000892
:10C22C009ABE0008FFFFFFFFFFFFFFFFFFFFFFFFAE
:10C23C00FFFF00000100415343494900000000008A
:10C24C0000000000000000000000000000000000E2
:10C25C000000000000004153434949000000000069
:10C26C0000000000000000000000000000000000C2
:08C27C000000000000000000BA
:0400000508004509A1
:00000001FF
